0,1,2,3,4,5,6,7,8,9,10,11,12,13,14,15,16,17,18,19,20,21,22,23,24,25,26,27,28,29,30,31,32,33,34,35,36,37,38,39,40,41,42,43,44,45,46,47,48,49,50,51,52,53,54,55,56,57,58,59,60,61,62,63,64,65,66,67,68,69,70,71,72,73,74,75,76,77,78,79,80,81,82,83,84,85,86,87,88,89,90,91,92,93,94,95,96,97,98,99,label
0.47406,0.47719,0.47474,0.47357,0.47416,0.47455,0.47523,0.47504,0.47543,0.47455,0.47484,0.47181,0.47357,0.47259,0.47279,0.47240,0.47367,0.47455,0.47162,0.47240,0.47298,0.47435,0.47171,0.47445,0.47289,0.47191,0.47328,0.47484,0.47347,0.47396,0.47240,0.47377,0.47230,0.47171,0.47533,0.47230,0.47220,0.47201,0.47220,0.47386,0.47259,0.47298,0.47455,0.47445,0.47123,0.47601,0.47416,0.47240,0.47240,0.47396,0.47269,0.47386,0.47328,0.47240,0.47338,0.47670,0.47328,0.47523,0.47357,0.47289,0.47621,0.47386,0.47680,0.47396,0.47582,0.47523,0.47201,0.47318,0.47621,0.47328,0.47377,0.47406,0.47592,0.47689,0.47338,0.47816,0.47543,0.47474,0.47318,0.47445,0.47211,0.47298,0.47103,0.47201,0.47298,0.47406,0.47289,0.47533,0.47533,0.47377,0.47494,0.47308,0.47465,0.47543,0.47523,0.47562,0.47396,0.47562,0.47592,0.47533,0
0.47572,0.47807,0.47963,0.47767,0.47738,0.47640,0.47699,0.47709,0.47416,0.47533,0.47650,0.47572,0.47611,0.47484,0.47689,0.47728,0.47719,0.47709,0.47513,0.47680,0.47416,0.47328,0.47523,0.47386,0.47553,0.47543,0.47601,0.47465,0.47885,0.47445,0.47513,0.47709,0.47572,0.47650,0.47543,0.47699,0.47650,0.47640,0.47621,0.47621,0.47611,0.47660,0.47650,0.47797,0.47474,0.47738,0.47680,0.47015,0.46644,0.46439,0.45960,0.45931,0.39453,0.39033,0.42609,0.40860,0.38437,0.43175,0.45559,0.43556,0.45354,0.47689,0.47670,0.47416,0.47533,0.47465,0.47465,0.47807,0.47680,0.47982,0.47621,0.47621,0.47533,0.48012,0.47885,0.48119,0.47904,0.48617,0.48295,0.48842,0.48911,0.48979,0.48344,0.86546,0.99736,0.99678,0.99805,0.99316,0.99766,0.99726,0.99629,0.99678,0.99785,0.99775,0.99521,0.99707,0.99326,0.99756,0.94822,0.99424,1
0.13239,0.13307,0.12946,0.12995,0.13512,0.13249,0.13512,0.13454,0.13415,0.13210,0.13200,0.13034,0.13385,0.13552,0.13786,0.13190,0.13630,0.13239,0.13180,0.12887,0.13024,0.13034,0.13307,0.12995,0.13043,0.13180,0.12936,0.13131,0.13366,0.13190,0.13473,0.13219,0.13366,0.13014,0.13258,0.13083,0.13190,0.13425,0.13112,0.13122,0.13053,0.13210,0.13395,0.20684,0.18114,0.43156,0.53620,0.99658,0.99844,0.99775,0.99678,0.99619,0.99599,0.99648,0.99726,0.99638,0.99785,0.99648,0.99502,0.99736,0.99599,0.99746,0.99687,0.99707,0.99717,0.99726,0.99795,0.99766,0.99853,0.99844,0.99775,0.99619,0.99766,0.99717,0.99775,0.99775,0.99844,0.99736,0.99687,0.99580,0.93376,0.91822,0.92672,0.55232,0.37606,0.37469,0.39980,0.39766,0.17557,0.17831,0.11666,0.20166,0.16668,0.17851,0.17860,0.19130,0.19150,0.20186,0.19697,0.19697,1
0.19844,0.19687,0.19922,0.19668,0.20176,0.19824,0.19980,0.19990,0.19766,0.19609,0.19726,0.19365,0.19384,0.19570,0.19443,0.19365,0.19492,0.19580,0.19648,0.19482,0.19150,0.19463,0.19384,0.19297,0.19257,0.19306,0.19297,0.19218,0.18857,0.18701,0.19248,0.19013,0.19355,0.19384,0.17606,0.21251,0.19052,0.28842,0.32340,0.36922,0.41417,0.42794,0.39502,0.38544,0.40557,0.99599,0.99502,0.99795,0.99707,0.99638,0.99648,0.99756,0.99678,0.99736,0.99717,0.99736,0.99521,0.99648,0.99795,0.99619,0.99834,0.99091,0.19482,0.19951,0.34470,0.36698,0.40557,0.34323,0.34656,0.37333,0.37743,0.38095,0.40498,0.39453,0.39570,0.40293,0.39463,0.37968,0.39619,0.39990,0.41436,0.40713,0.41006,0.40733,0.40772,0.40762,0.40830,0.41563,0.41827,0.41485,0.41612,0.41534,0.41612,0.41583,0.41524,0.41553,0.41749,0.41583,0.41612,0.41163,1
0.41026,0.41085,0.40801,0.41397,0.41133,0.40557,0.40528,0.40176,0.39902,0.40215,0.40420,0.40156,0.40000,0.39873,0.39873,0.40049,0.40068,0.40215,0.40244,0.40264,0.40264,0.40049,0.40391,0.40244,0.40186,0.40293,0.39951,0.40313,0.40186,0.40147,0.40117,0.40313,0.40371,0.40645,0.40703,0.40977,0.40723,0.40684,0.41329,0.40860,0.40801,0.40928,0.40879,0.40860,0.41065,0.40997,0.40909,0.38036,0.99687,0.99844,0.99648,0.99726,0.99844,0.99443,0.99638,0.99824,0.99863,0.99805,0.99619,0.96805,0.98984,0.99384,0.98544,0.99814,0.74157,0.67904,0.41632,0.34646,0.25315,0.40938,0.43078,0.53913,0.40195,0.40000,0.46097,0.34021,0.34382,0.32711,0.33473,0.34343,0.35340,0.34333,0.35740,0.34968,0.35525,0.36111,0.36385,0.36023,0.36180,0.36170,0.36414,0.36463,0.36580,0.36277,0.36375,0.36248,0.35936,0.36209,0.36209,0.36277,1
0.36922,0.37147,0.37010,0.37040,0.37049,0.37206,0.37010,0.37020,0.37128,0.37010,0.37333,0.36766,0.36942,0.37157,0.36913,0.36756,0.36854,0.37157,0.37215,0.37069,0.37274,0.37255,0.37030,0.37020,0.37030,0.37167,0.37167,0.37020,0.37147,0.37108,0.37020,0.37215,0.36903,0.36952,0.37010,0.36922,0.37196,0.37059,0.37186,0.37147,0.37088,0.37245,0.37030,0.37108,0.37235,0.37000,0.36971,0.36834,0.36268,0.36825,0.35867,0.38710,0.43087,0.68070,0.99472,0.99707,0.99697,0.99648,0.99756,0.99687,0.99648,0.99590,0.99033,0.99668,0.99746,0.99805,0.99736,0.99785,0.99570,0.99541,0.99883,0.99629,0.99472,0.99766,0.99775,0.99531,0.99648,0.99834,0.88354,0.85979,0.85794,0.84670,0.82325,0.79228,0.77401,0.74998,0.68735,0.56834,0.47211,0.41172,0.28100,0.22638,0.42443,0.45120,0.41641,0.43107,0.37870,0.20948,0.22277,0.22804,1
0.26116,0.26155,0.26048,0.26243,0.26312,0.26253,0.26273,0.26253,0.26058,0.26702,0.26644,0.26742,0.26634,0.26976,0.26067,0.27132,0.27484,0.23840,0.24543,0.24582,0.22599,0.23840,0.25139,0.24612,0.21944,0.31197,0.66009,0.56229,0.79638,0.85403,0.80440,0.80850,0.76356,0.54509,0.57743,0.58720,0.60752,0.53727,0.51754,0.50318,0.49145,0.50239,0.49184,0.51734,0.54333,0.49155,0.41866,0.41573,0.41299,0.40684,0.47894,0.48373,0.46136,0.48266,0.71285,0.88764,0.80909,0.84905,0.85813,0.85022,0.85071,0.85315,0.86448,0.99121,0.99638,0.99697,0.99697,0.99687,0.97723,0.99687,0.99619,0.80830,0.48403,0.40733,0.42960,0.46888,0.45139,0.48745,0.49995,0.45501,0.43468,0.28149,0.21045,0.36707,0.45667,0.41094,0.42452,0.42179,0.43713,0.42941,0.45725,0.74411,0.74489,0.64641,0.62042,0.50747,0.33698,0.44270,0.49673,0.46869,3
0.63254,0.99658,0.99541,0.79394,0.70982,0.79199,0.79433,0.93552,0.99805,0.99932,0.99531,0.99638,0.99746,0.99521,0.99707,0.99648,0.99551,0.99756,0.90562,0.43381,0.43117,0.82726,0.43977,0.58026,0.99824,0.47318,0.99717,0.75027,0.99697,0.98906,0.49682,0.49272,0.47543,0.46204,0.53894,0.53972,0.52477,0.42140,0.44465,0.47631,0.57714,0.54489,0.54617,0.55584,0.50767,0.50513,0.47719,0.47973,0.99766,0.94529,0.89477,0.71021,0.44582,0.99629,0.99746,0.99629,0.99658,0.94099,0.99551,0.99551,0.99678,0.99795,0.99736,0.99482,0.99775,0.99678,0.90845,0.99834,0.99629,0.99726,0.94851,0.99746,0.67025,0.65999,0.99638,0.99805,0.99590,0.99805,0.99726,0.99746,0.99785,0.99873,0.97645,0.99570,0.99424,0.85208,0.99599,0.99746,0.75369,0.74411,0.76180,0.71920,0.49907,0.99590,0.98046,0.59248,0.60264,0.99580,0.99756,0.99726,3
0.51959,0.46908,0.44797,0.52799,0.46155,0.46859,0.52135,0.54372,0.53053,0.52135,0.44309,0.43771,0.52926,0.53112,0.48705,0.44143,0.42394,0.43947,0.52985,0.52985,0.53346,0.53620,0.53278,0.50542,0.52526,0.53395,0.53395,0.53454,0.53591,0.52604,0.51363,0.52760,0.47347,0.54294,0.46448,0.54255,0.48715,0.42042,0.36512,0.39834,0.49526,0.50923,0.93405,0.99717,0.99775,0.98398,0.99590,0.99853,0.99834,0.99570,0.99355,0.99648,0.98867,0.99629,0.99316,0.99824,0.99580,0.99746,0.99619,0.99560,0.99599,0.99511,0.72916,0.67631,0.59345,0.83341,0.99590,0.99775,0.99805,0.91695,0.89692,0.99795,0.99599,0.99805,0.99648,0.99834,0.99570,0.99638,0.99678,0.99599,0.86380,0.47181,0.92633,0.99619,0.98632,0.99590,0.99599,0.99834,0.99609,0.98046,0.98574,0.89380,0.99619,0.99873,0.76033,0.98583,0.99814,0.99678,0.99814,0.99736,3
0.38280,0.38310,0.38241,0.38378,0.38251,0.38359,0.38124,0.33170,0.37958,0.39453,0.36659,0.38036,0.38232,0.36737,0.37264,0.36776,0.36786,0.37557,0.39922,0.39297,0.39033,0.38622,0.39404,0.40459,0.43381,0.43781,0.40967,0.40479,0.40909,0.41016,0.41280,0.42306,0.40391,0.40000,0.39853,0.48109,0.40664,0.38271,0.38251,0.39306,0.39033,0.40186,0.40234,0.46478,0.38769,0.43039,0.43205,0.46751,0.43127,0.43713,0.44406,0.47631,0.48285,0.47054,0.62228,0.99658,0.96023,0.99795,0.99717,0.93825,0.98192,0.78525,0.93092,0.94402,0.99472,0.99560,0.99365,0.90366,0.60625,0.47269,0.48627,0.47513,0.54792,0.94665,0.41993,0.99619,0.99511,0.99795,0.99502,0.99668,0.99814,0.99707,0.99873,0.99726,0.99560,0.99707,0.99853,0.99609,0.99697,0.95926,0.43400,0.42980,0.42228,0.40498,0.40459,0.39414,0.43087,0.42101,0.39482,0.39736,3
0.41368,0.40752,0.40782,0.40498,0.40059,0.40596,0.40752,0.40547,0.40469,0.39834,0.40791,0.40586,0.40655,0.41006,0.40616,0.40694,0.40674,0.40918,0.40987,0.41212,0.41114,0.40860,0.40967,0.41143,0.40987,0.40977,0.40889,0.40889,0.40870,0.41026,0.41417,0.41104,0.41466,0.41407,0.41153,0.41153,0.41368,0.41690,0.41085,0.41133,0.38300,0.41817,0.43742,0.45120,0.42267,0.44660,0.44367,0.46663,0.45892,0.46273,0.48100,0.46253,0.46439,0.40352,0.40723,0.42335,0.43996,0.45530,0.42286,0.42042,0.81397,0.47435,0.99511,0.99668,0.97137,0.72340,0.48217,0.48051,0.52379,0.50757,0.44680,0.39873,0.43723,0.48363,0.44201,0.42941,0.99590,0.99814,0.99824,0.99551,0.99687,0.95857,0.99775,0.99736,0.88471,0.44680,0.76229,0.82716,0.70151,0.67562,0.46292,0.37684,0.34929,0.39238,0.98105,0.88129,0.99717,0.99599,0.86370,0.99658,3
0.42237,0.42198,0.42257,0.42335,0.42237,0.42218,0.42237,0.42149,0.42316,0.42228,0.42120,0.42345,0.42237,0.42110,0.42179,0.42267,0.42413,0.42296,0.42267,0.42071,0.42277,0.42120,0.42257,0.42267,0.42159,0.42140,0.42208,0.42101,0.42149,0.42130,0.42482,0.42071,0.42159,0.42247,0.42071,0.42003,0.41964,0.42091,0.42130,0.42130,0.42042,0.42091,0.42091,0.42003,0.42052,0.41915,0.41954,0.42003,0.42091,0.42189,0.42062,0.42169,0.41983,0.42003,0.42022,0.42091,0.42013,0.41983,0.42267,0.42052,0.41983,0.42120,0.42013,0.42140,0.41954,0.41935,0.41866,0.42257,0.42101,0.41974,0.42267,0.42081,0.42101,0.42091,0.42120,0.42140,0.42091,0.42081,0.42618,0.42237,0.42198,0.42364,0.42101,0.42149,0.42052,0.42189,0.42042,0.42052,0.41964,0.42149,0.42257,0.42022,0.42257,0.42159,0.42149,0.42042,0.42355,0.41983,0.41974,0.42149,0
0.40723,0.38925,0.39824,0.40186,0.40762,0.41036,0.42394,0.43449,0.43947,0.43869,0.43957,0.43234,0.42394,0.42179,0.40928,0.39795,0.39638,0.38632,0.40723,0.41612,0.41339,0.51001,0.83273,0.99648,0.86702,0.95017,0.99756,0.99687,0.99580,0.99560,0.99766,0.99629,0.99394,0.99590,0.87797,0.99570,0.99697,0.92135,0.77264,0.80410,0.66058,0.69868,0.76033,0.76102,0.77733,0.62325,0.65491,0.59521,0.97157,0.99873,0.99814,0.99424,0.99609,0.98974,0.86419,0.85931,0.85725,0.99775,0.99785,0.99795,0.99678,0.99883,0.99736,0.99795,0.99844,0.99824,0.99775,0.99609,0.99707,0.99756,0.99756,0.99726,0.99756,0.99736,0.99834,0.99638,0.99805,0.99853,0.99746,0.99736,0.99834,0.72281,0.70718,0.56834,0.54353,0.59873,0.55154,0.64631,0.65335,0.66185,0.66742,0.65296,0.65413,0.65940,0.65901,0.65755,0.65169,0.65110,0.65139,0.65188,2
0.65364,0.64905,0.53884,0.37645,0.39033,0.41925,0.43801,0.53825,0.71353,0.76404,0.40459,0.43674,0.46937,0.68432,0.80430,0.77059,0.72379,0.70601,0.71500,0.70005,0.69956,0.71920,0.72066,0.68754,0.72633,0.73786,0.72604,0.73942,0.71519,0.71842,0.77303,0.75887,0.76365,0.82316,0.97880,0.99629,0.99795,0.99717,0.99668,0.99453,0.89731,0.90552,0.90318,0.91568,0.92604,0.92770,0.92535,0.93454,0.93102,0.93249,0.95310,0.94744,0.92096,0.94187,0.91666,0.95486,0.96541,0.95154,0.94411,0.39902,0.47572,0.32242,0.38437,0.32555,0.29761,0.28696,0.35486,0.35213,0.34958,0.34509,0.38740,0.33473,0.30982,0.30855,0.34958,0.29809,0.30396,0.34538,0.31529,0.33825,0.33151,0.34050,0.35613,0.34998,0.35535,0.35721,0.35359,0.35642,0.35486,0.35662,0.36375,0.36043,0.36219,0.36268,0.36121,0.36111,0.36004,0.35877,0.35896,0.36297,2
0.34919,0.35711,0.36424,0.33454,0.38349,0.40479,0.41759,0.39072,0.39551,0.43097,0.48490,0.51900,0.60733,0.66224,0.67181,0.68725,0.72018,0.76414,0.75867,0.75945,0.79814,0.73913,0.71900,0.70660,0.72360,0.73737,0.80039,0.80840,0.81612,0.81661,0.81690,0.78124,0.69370,0.77430,0.81436,0.81299,0.80449,0.80733,0.79853,0.82335,0.83400,0.91334,0.92887,0.91715,0.91910,0.92858,0.91578,0.90943,0.88950,0.91578,0.91187,0.91568,0.92096,0.91998,0.92711,0.92838,0.91959,0.92281,0.91969,0.92643,0.92741,0.92916,0.91793,0.93639,0.91187,0.90386,0.88686,0.84817,0.78788,0.80987,0.77821,0.36991,0.47171,0.64807,0.86478,0.84319,0.85638,0.85032,0.85442,0.85149,0.85667,0.84973,0.85452,0.85442,0.85208,0.82970,0.84944,0.85159,0.84885,0.85120,0.85364,0.84797,0.84709,0.84582,0.85129,0.85344,0.85129,0.84660,0.85178,0.84954,2
0.83732,0.83039,0.83410,0.81993,0.73512,0.75203,0.69116,0.60332,0.63664,0.67572,0.77157,0.59844,0.77499,0.75359,0.78642,0.78271,0.77860,0.70181,0.76512,0.62697,0.62052,0.60430,0.56659,0.56952,0.63713,0.68832,0.68793,0.67562,0.66751,0.65696,0.75975,0.65120,0.65471,0.62618,0.60342,0.65540,0.63019,0.68852,0.69213,0.78202,0.99824,0.99599,0.80225,0.82501,0.85471,0.82247,0.81329,0.80772,0.91461,0.86663,0.99502,0.99697,0.99590,0.83136,0.85100,0.88451,0.88705,0.88832,0.90503,0.89839,0.91334,0.90034,0.91734,0.92272,0.92809,0.94138,0.93845,0.93952,0.94323,0.94392,0.94704,0.94362,0.94792,0.94958,0.94744,0.95271,0.94998,0.94284,0.94255,0.93962,0.93122,0.92633,0.89858,0.83254,0.89448,0.78857,0.75281,0.99736,0.99883,0.99746,0.99775,0.99570,0.99638,0.99795,0.99697,0.99756,0.99609,0.99678,0.99551,0.99707,2
0.99638,0.99922,0.99551,0.99590,0.99521,0.99775,0.99629,0.99785,0.99570,0.99580,0.99805,0.99658,0.99687,0.99707,0.99873,0.99424,0.99551,0.99668,0.99746,0.99766,0.99805,0.99756,0.99863,0.99824,0.99912,0.99805,0.99629,0.99795,0.99766,0.99775,0.99717,0.99756,0.99795,0.99805,0.99697,0.99824,0.99746,0.99687,0.99756,0.99785,0.99785,0.99472,0.99551,0.99629,0.99805,0.99697,0.99707,0.93444,0.92301,0.92027,0.91060,0.91422,0.92389,0.92379,0.92223,0.92223,0.92584,0.93444,0.92975,0.92731,0.92584,0.93376,0.92106,0.92203,0.92350,0.92125,0.91021,0.92780,0.88510,0.86214,0.78701,0.59629,0.74148,0.99785,0.99766,0.99170,0.98828,0.89673,0.98319,0.97303,0.99472,0.95300,0.96746,0.96561,0.98075,0.97430,0.97450,0.97606,0.96248,0.97430,0.94753,0.92741,0.97899,0.97616,0.97088,0.97040,0.96727,0.97303,0.97460,0.99043,2
0.99922,0.99766,0.99648,0.99277,0.99678,0.99492,0.99648,0.99521,0.99648,0.99658,0.99404,0.99482,0.99766,0.99736,0.99482,0.99560,0.99472,0.99638,0.99502,0.99726,0.99316,0.99717,0.99482,0.99443,0.99736,0.99775,0.99492,0.99648,0.99687,0.99424,0.99736,0.99433,0.99678,0.99707,0.99619,0.99736,0.99482,0.99365,0.99590,0.99726,0.99707,0.99590,0.99443,0.99707,0.99424,0.99668,0.99453,0.99668,0.99551,0.99570,0.99570,0.99658,0.99453,0.99746,0.99511,0.99531,0.99668,0.99531,0.99580,0.99638,0.99609,0.99521,0.99668,0.99384,0.99658,0.99570,0.99492,0.99541,0.99717,0.99590,0.99638,0.99472,0.99511,0.99707,0.99424,0.99707,0.99717,0.99492,0.99551,0.99746,0.99355,0.99736,0.99629,0.99736,0.99687,0.99472,0.99668,0.99414,0.99648,0.99668,0.99668,0.99599,0.99629,0.99609,0.99717,0.99541,0.99599,0.99619,0.99062,0.99521,0
0.99717,0.99609,0.99668,0.99658,0.99853,0.99648,0.99629,0.99717,0.99541,0.99502,0.99707,0.99531,0.99697,0.99668,0.99248,0.99746,0.99599,0.99424,0.99580,0.99560,0.99746,0.99511,0.99629,0.99511,0.99609,0.99599,0.99531,0.99678,0.99619,0.99629,0.99384,0.99687,0.99541,0.99531,0.99463,0.99463,0.99590,0.99648,0.99521,0.99668,0.99443,0.99541,0.99619,0.99511,0.99766,0.99697,0.99619,0.99687,0.99560,0.99658,0.99629,0.99580,0.99648,0.99707,0.99638,0.99619,0.99648,0.99648,0.99638,0.99726,0.99726,0.99795,0.99658,0.99443,0.99599,0.99717,0.99492,0.99746,0.99590,0.99580,0.99560,0.99717,0.99463,0.99590,0.99668,0.99678,0.99629,0.99697,0.99463,0.99609,0.99541,0.99785,0.99306,0.99707,0.99551,0.99658,0.99463,0.99648,0.99492,0.99443,0.99629,0.99521,0.99638,0.99463,0.99736,0.99619,0.99648,0.99511,0.99678,0.99570,1
0.99619,0.99668,0.99795,0.99756,0.99814,0.99619,0.99736,0.99511,0.99629,0.99746,0.99629,0.99609,0.99326,0.99482,0.99678,0.99384,0.99668,0.99678,0.99560,0.99551,0.99472,0.99736,0.99648,0.99443,0.99775,0.99492,0.99638,0.99590,0.99531,0.99531,0.99424,0.58740,0.89516,0.97743,0.93757,0.98593,0.97860,0.99404,0.93083,0.96043,0.93503,0.92340,0.95809,0.82101,0.92135,0.89233,0.97303,0.97733,0.99717,0.99775,0.99629,0.99541,0.99805,0.99648,0.99648,0.99853,0.99599,0.99883,0.99873,0.99863,0.99648,0.99736,0.99570,0.99824,0.84279,0.91568,0.70318,0.78603,0.45247,0.99580,0.98915,0.99707,0.99707,0.99717,0.99844,0.99853,0.99658,0.99687,0.99766,0.99668,0.99795,0.99678,0.99560,0.90630,0.92516,0.97489,0.87611,0.89340,0.90855,0.76619,0.99511,0.91812,0.93200,0.98202,0.99707,0.99541,0.99766,0.99756,0.99726,0.99902,3
0.99814,0.99824,0.99424,0.99990,0.99316,0.99590,0.99482,0.99511,0.99609,0.99697,0.99443,0.77743,0.73063,0.76219,0.71304,0.71168,0.75916,0.75388,0.77548,0.79130,0.77069,0.79287,0.75515,0.78359,0.72789,0.67347,0.64211,0.63429,0.48862,0.54284,0.99297,0.99658,0.99775,0.99531,0.99257,0.99678,0.99648,0.99609,0.99629,0.99424,0.99531,0.66302,0.57049,0.46419,0.38896,0.36238,0.32174,0.34157,0.39150,0.39345,0.36287,0.35310,0.34509,0.21202,0.30181,0.46448,0.53835,0.99560,0.99453,0.99492,0.99404,0.99375,0.99316,0.99590,0.32106,0.72985,0.49243,0.38749,0.41524,0.39218,0.36707,0.44240,0.36317,0.31216,0.24993,0.45999,0.55388,0.41944,0.47318,0.43019,0.38974,0.43195,0.42833,0.43752,0.42570,0.37479,0.42286,0.41935,0.38652,0.45315,0.39365,0.36717,0.38808,0.26439,0.27543,0.39404,0.36287,0.36453,0.42003,0.41534,3
0.43644,0.44426,0.44729,0.46312,0.45999,0.45960,0.45403,0.46370,0.45364,0.45530,0.45745,0.46400,0.46136,0.45999,0.46234,0.45911,0.45579,0.46644,0.46341,0.44426,0.44279,0.45266,0.42491,0.49409,0.48168,0.34011,0.37235,0.50718,0.40254,0.42980,0.50601,0.53874,0.52623,0.54099,0.55721,0.56356,0.50337,0.52721,0.52106,0.54978,0.65452,0.81602,0.99511,0.99599,0.99463,0.99560,0.99511,0.99678,0.99560,0.99472,0.99521,0.99492,0.99218,0.99355,0.82443,0.97479,0.99678,0.98837,0.99570,0.84319,0.99209,0.96805,0.98300,0.96795,0.88276,0.36502,0.43576,0.69917,0.71383,0.99756,0.84299,0.62531,0.75330,0.99560,0.99834,0.99746,0.99638,0.99834,0.99726,0.94587,0.70142,0.99697,0.99404,0.99414,0.99453,0.99541,0.47885,0.46253,0.45892,0.46888,0.45110,0.36092,0.99590,0.97079,0.99590,0.99785,0.99746,0.99932,0.99736,0.99482,3
0.45227,0.46712,0.47220,0.47543,0.47289,0.47191,0.46575,0.46165,0.44602,0.45266,0.45032,0.42765,0.38368,0.35369,0.35388,0.39707,0.33600,0.34235,0.33757,0.33591,0.34255,0.33864,0.44045,0.44709,0.43898,0.38241,0.39326,0.42208,0.42022,0.43283,0.44426,0.44465,0.36786,0.44104,0.50650,0.45999,0.50249,0.44211,0.46742,0.44807,0.37352,0.34802,0.35623,0.43439,0.55535,0.59355,0.63029,0.59775,0.60078,0.56307,0.61270,0.99629,0.99756,0.99521,0.99717,0.99687,0.99707,0.99414,0.99355,0.65774,0.67543,0.64485,0.65012,0.59472,0.62892,0.66146,0.63781,0.59316,0.58837,0.63830,0.58652,0.42189,0.35564,0.47474,0.45335,0.42189,0.44866,0.37147,0.41534,0.50073,0.40401,0.99648,0.51461,0.99355,0.99551,0.99551,0.99443,0.99228,0.99658,0.99472,0.99814,0.99511,0.95320,0.98925,0.53864,0.52027,0.50923,0.45530,0.44563,0.44954,3
0.39648,0.45100,0.43097,0.50357,0.76395,0.49946,0.51871,0.51246,0.56913,0.99648,0.99365,0.99267,0.99697,0.99609,0.99551,0.99375,0.99590,0.99443,0.99609,0.99560,0.99687,0.99746,0.99668,0.99824,0.99658,0.99590,0.99795,0.99678,0.99717,0.99541,0.99590,0.99472,0.99853,0.99306,0.99668,0.99795,0.99541,0.99590,0.99707,0.99638,0.99551,0.99932,0.99814,0.99707,0.99707,0.99902,0.99531,0.99785,0.99463,0.99619,0.99531,0.65383,0.73131,0.72975,0.53786,0.46976,0.43410,0.35857,0.54206,0.99463,0.99707,0.99658,0.59775,0.40664,0.42677,0.33298,0.33483,0.32789,0.34284,0.35789,0.35447,0.34558,0.36170,0.35515,0.33229,0.60078,0.99638,0.99580,0.99551,0.99766,0.99551,0.99599,0.99551,0.99629,0.99472,0.95300,0.99619,0.52506,0.53727,0.51177,0.57294,0.50445,0.61983,0.53727,0.51744,0.55447,0.53766,0.52399,0.47777,0.40059,3
0.43097,0.43000,0.43146,0.43283,0.42931,0.43166,0.42980,0.43283,0.43009,0.43087,0.43175,0.43078,0.42941,0.43146,0.43234,0.43019,0.42882,0.42794,0.42843,0.42941,0.42775,0.42706,0.42951,0.43136,0.43097,0.42824,0.42931,0.42902,0.42745,0.42775,0.42628,0.42872,0.42765,0.42658,0.42912,0.42853,0.42765,0.43039,0.42980,0.42882,0.42716,0.42726,0.42736,0.42716,0.43097,0.42902,0.42745,0.42814,0.43254,0.42912,0.42872,0.43156,0.41895,0.48334,0.99668,0.99658,0.99805,0.99824,0.99726,0.99687,0.99756,0.99795,0.99805,0.99775,0.99834,0.99746,0.99599,0.99687,0.99609,0.89116,0.83537,0.80186,0.71715,0.54851,0.41778,0.45608,0.44768,0.48002,0.38974,0.08588,0.17753,0.28715,0.33229,0.37499,0.31558,0.32340,0.34724,0.36375,0.36922,0.36776,0.36942,0.37137,0.37235,0.37274,0.37499,0.37079,0.37362,0.37108,0.37176,0.37235,1
0.37675,0.37518,0.37557,0.37851,0.37665,0.37753,0.37567,0.37518,0.37763,0.37626,0.37538,0.37587,0.37860,0.37782,0.37606,0.37655,0.37743,0.37577,0.37636,0.37577,0.37557,0.37548,0.37655,0.37763,0.37704,0.37723,0.37694,0.37772,0.37489,0.37342,0.37538,0.37333,0.37323,0.37157,0.37342,0.37196,0.37469,0.37528,0.37225,0.36844,0.36786,0.36873,0.36707,0.37264,0.36786,0.36649,0.36580,0.36463,0.37108,0.37049,0.36610,0.36717,0.36825,0.36043,0.36580,0.36619,0.36492,0.36717,0.36893,0.99795,0.99629,0.99756,0.99678,0.99766,0.99795,0.99453,0.99795,0.99697,0.99531,0.99590,0.99707,0.99775,0.99834,0.99570,0.99638,0.99766,0.99541,0.93952,0.41270,0.41641,0.40440,0.22716,0.07807,0.13854,0.27650,0.27973,0.25559,0.25755,0.23801,0.23410,0.28676,0.28735,0.22345,0.24827,0.27865,0.27767,0.28109,0.28227,0.28139,0.28246,1
0.30093,0.30405,0.30288,0.30650,0.30386,0.30337,0.30611,0.30151,0.30093,0.30435,0.30708,0.30640,0.30405,0.30415,0.30503,0.30513,0.30611,0.30493,0.30826,0.30845,0.30523,0.30806,0.30679,0.30699,0.30425,0.30611,0.30083,0.30386,0.29780,0.29976,0.29546,0.21133,0.96434,0.87484,0.64612,0.97255,0.97997,0.99687,0.99638,0.99658,0.99590,0.99766,0.99658,0.98153,0.97890,0.99170,0.98525,0.99189,0.96668,0.97372,0.95681,0.90884,0.69301,0.44397,0.40684,0.35838,0.28129,0.13395,0.11744,0.19893,0.28862,0.29477,0.29839,0.31871,0.32487,0.32799,0.33151,0.33053,0.32721,0.33004,0.33083,0.33151,0.32965,0.32819,0.33102,0.29555,0.29995,0.30503,0.30396,0.30699,0.30005,0.29712,0.29741,0.27728,0.29682,0.29106,0.30034,0.30181,0.29966,0.29399,0.30122,0.30425,0.29555,0.30073,0.30318,0.30308,0.30581,0.30259,0.30669,0.30874,1
0.29722,0.28676,0.29966,0.31607,0.30796,0.30874,0.30151,0.30318,0.31177,0.31754,0.31510,0.31842,0.31637,0.31539,0.31451,0.31197,0.31255,0.31500,0.31392,0.31031,0.29321,0.28598,0.28588,0.28705,0.28442,0.28666,0.31773,0.64651,0.99834,0.99785,0.99766,0.99824,0.99873,0.99775,0.99697,0.99697,0.99658,0.99795,0.99853,0.99648,0.99638,0.99766,0.99678,0.99746,0.99726,0.99619,0.99766,0.99629,0.99844,0.99814,0.99658,0.99717,0.99756,0.99775,0.99717,0.99668,0.99551,0.99756,0.99619,0.99668,0.99756,0.99482,0.43009,0.25901,0.12829,0.17509,0.23312,0.30464,0.31119,0.25540,0.25735,0.25667,0.25901,0.26106,0.26106,0.25344,0.25481,0.26351,0.25208,0.25813,0.25706,0.25520,0.25491,0.26927,0.26957,0.26810,0.26615,0.27201,0.27123,0.28021,0.27973,0.27426,0.27132,0.26849,0.26986,0.27347,0.27318,0.27005,0.26976,0.27054,1
0.28070,0.27973,0.28217,0.27875,0.27846,0.27982,0.28041,0.27777,0.28051,0.27846,0.27553,0.27611,0.27465,0.27836,0.27562,0.27553,0.27797,0.27553,0.27728,0.27992,0.27807,0.27787,0.27748,0.27582,0.28061,0.28168,0.27973,0.27973,0.27963,0.27904,0.27807,0.27797,0.28324,0.28119,0.27924,0.28178,0.28461,0.28608,0.28920,0.29028,0.29243,0.29272,0.29477,0.29487,0.29213,0.29702,0.29340,0.29487,0.29096,0.29204,0.29038,0.29243,0.29243,0.29165,0.29331,0.29135,0.29301,0.29321,0.29370,0.29126,0.29077,0.24690,0.27904,0.33561,0.68012,0.67680,0.99766,0.99736,0.99648,0.99746,0.99795,0.99893,0.99707,0.99834,0.99785,0.99893,0.99668,0.99834,0.99746,0.99785,0.99726,0.99756,0.99775,0.99775,0.99687,0.88598,0.34323,0.33610,0.34284,0.30112,0.27005,0.25813,0.27953,0.27386,0.28051,0.28686,0.27992,0.28100,0.28305,0.27982,1
0.35066,0.34978,0.34939,0.34900,0.34988,0.34763,0.34783,0.34949,0.35027,0.34763,0.35095,0.34871,0.34773,0.34704,0.35144,0.34861,0.34841,0.34880,0.34783,0.34929,0.34802,0.34978,0.34890,0.35037,0.34841,0.35007,0.34949,0.34988,0.35418,0.35105,0.35017,0.34851,0.34919,0.35242,0.35154,0.35154,0.35085,0.34880,0.34958,0.35105,0.34871,0.35007,0.34958,0.35134,0.35027,0.34880,0.35056,0.34939,0.35330,0.35037,0.35252,0.35457,0.35066,0.35173,0.35085,0.35017,0.35203,0.35183,0.35173,0.35066,0.35222,0.35310,0.35193,0.35134,0.35164,0.35242,0.35076,0.34988,0.34968,0.35134,0.35007,0.35046,0.35037,0.35017,0.35046,0.34890,0.34958,0.35046,0.35271,0.35271,0.35134,0.35125,0.34949,0.34949,0.34841,0.34861,0.35281,0.35515,0.35379,0.35222,0.35046,0.35085,0.35203,0.35037,0.35291,0.35271,0.35125,0.35232,0.35095,0.35027,0
0.35183,0.35193,0.35222,0.35066,0.34968,0.35252,0.35105,0.35076,0.34988,0.34890,0.35232,0.34900,0.35085,0.34958,0.34998,0.34958,0.34988,0.35046,0.34958,0.35154,0.35085,0.35007,0.35085,0.34988,0.35105,0.34998,0.35085,0.35066,0.35095,0.34763,0.34978,0.34880,0.34744,0.35105,0.34695,0.34841,0.35066,0.34968,0.35066,0.35340,0.35007,0.34949,0.34958,0.34841,0.34958,0.34841,0.35027,0.35173,0.35046,0.35076,0.35066,0.35017,0.34763,0.34871,0.34792,0.34656,0.35046,0.34929,0.35359,0.34929,0.34949,0.34919,0.34802,0.34988,0.34988,0.35066,0.35222,0.35193,0.34919,0.34910,0.34958,0.34978,0.35046,0.34978,0.35007,0.34978,0.35056,0.34910,0.34929,0.34978,0.34822,0.34949,0.34871,0.34841,0.34919,0.35027,0.34812,0.34900,0.35085,0.35017,0.35320,0.35105,0.34978,0.34958,0.34831,0.34998,0.34871,0.34968,0.34988,0.34910,0
0.35799,0.35330,0.35447,0.36063,0.36317,0.35427,0.36238,0.36141,0.36287,0.36004,0.36014,0.36248,0.36365,0.36375,0.36756,0.36463,0.36434,0.36522,0.36170,0.32887,0.33552,0.36434,0.35965,0.36141,0.34216,0.34538,0.36229,0.34421,0.31656,0.31597,0.31500,0.31666,0.33366,0.33796,0.35213,0.35388,0.35125,0.34968,0.34871,0.35515,0.35467,0.36150,0.29907,0.31734,0.37264,0.38280,0.39492,0.54988,0.78192,0.80752,0.81915,0.83439,0.84250,0.84182,0.82824,0.85520,0.82687,0.82364,0.80948,0.76014,0.72360,0.61085,0.59912,0.67875,0.70396,0.75320,0.75379,0.86019,0.73659,0.99590,0.99541,0.99531,0.99599,0.99609,0.77098,0.81944,0.81710,0.80967,0.81563,0.80313,0.80283,0.79287,0.83723,0.84113,0.81456,0.82423,0.84700,0.99678,0.99678,0.99746,0.99541,0.99638,0.99707,0.99658,0.99658,0.99687,0.99668,0.99687,0.99580,0.99551,2
0.24944,0.25217,0.25129,0.25745,0.27084,0.25979,0.26038,0.26957,0.28276,0.29849,0.29673,0.30073,0.30034,0.30093,0.30024,0.30337,0.30220,0.29487,0.29018,0.28676,0.29165,0.29722,0.29477,0.29731,0.29272,0.29165,0.29751,0.28617,0.26917,0.27660,0.29165,0.29350,0.27377,0.26058,0.25296,0.25872,0.25413,0.27298,0.22149,0.24250,0.23107,0.24397,0.27553,0.32614,0.31754,0.46761,0.51363,0.53337,0.55545,0.54187,0.37645,0.37792,0.48012,0.28041,0.39551,0.59287,0.40830,0.55222,0.68256,0.81319,0.71510,0.75584,0.69135,0.70093,0.75672,0.74704,0.60020,0.72868,0.81768,0.83166,0.85462,0.79170,0.78476,0.86820,0.91255,0.99717,0.90884,0.92115,0.88149,0.84543,0.91021,0.85755,0.99766,0.99687,0.99932,0.99599,0.97206,0.98202,0.99883,0.99834,0.99599,0.99932,0.99853,0.99511,0.99766,0.99287,0.99414,0.99658,0.99511,0.99678,2
0.52995,0.52702,0.53004,0.53317,0.52653,0.52741,0.52643,0.52047,0.52965,0.53063,0.53483,0.53718,0.54001,0.53884,0.53796,0.55095,0.54861,0.57167,0.57567,0.56287,0.53483,0.54450,0.54783,0.58378,0.58290,0.57557,0.57450,0.59003,0.56463,0.61690,0.66126,0.67572,0.65110,0.66282,0.60440,0.59932,0.63918,0.66087,0.64514,0.74441,0.58036,0.56561,0.65520,0.74275,0.71412,0.69585,0.97665,0.99658,0.99834,0.99658,0.99697,0.99873,0.99746,0.99726,0.99824,0.99551,0.90327,0.95017,0.87152,0.96561,0.91510,0.96258,0.99746,0.95887,0.99648,0.99209,0.94460,0.94558,0.95037,0.99766,0.99687,0.99629,0.95418,0.94597,0.94617,0.95506,0.95672,0.94783,0.94685,0.95183,0.95213,0.95105,0.94626,0.94470,0.93337,0.89565,0.90845,0.65081,0.53522,0.84377,0.99111,0.75115,0.80078,0.81456,0.81387,0.78447,0.78026,0.80293,0.80625,0.78974,2
0.79472,0.79453,0.79277,0.79306,0.78427,0.77987,0.77890,0.77753,0.78769,0.79130,0.78857,0.78759,0.78906,0.78740,0.78818,0.79111,0.79140,0.79091,0.78925,0.78935,0.78661,0.78896,0.78720,0.78769,0.76698,0.62833,0.49536,0.50337,0.48451,0.48451,0.48520,0.50259,0.47816,0.55701,0.48705,0.45725,0.44504,0.96639,0.97079,0.98290,0.99433,0.66517,0.99687,0.99678,0.99668,0.99726,0.99766,0.99775,0.99883,0.99873,0.99736,0.99736,0.99834,0.99766,0.99805,0.99638,0.99873,0.99756,0.99814,0.99687,0.99873,0.99756,0.99443,0.99678,0.99736,0.99697,0.99756,0.99785,0.99736,0.99746,0.99648,0.99590,0.99531,0.99814,0.99736,0.99717,0.99531,0.99736,0.99678,0.99736,0.99775,0.99697,0.99707,0.99814,0.99775,0.76190,0.73815,0.94480,0.86810,0.69233,0.66634,0.66448,0.76170,0.95750,0.97157,0.95437,0.99179,0.99687,0.98271,0.99062,2
0.99316,0.99736,0.99814,0.99873,0.99482,0.99668,0.99570,0.99726,0.99707,0.99355,0.99638,0.99853,0.99482,0.99580,0.99697,0.99482,0.99658,0.99424,0.99658,0.99472,0.99111,0.98867,0.98847,0.98593,0.99443,0.99658,0.99013,0.99619,0.98896,0.99228,0.98837,0.98896,0.99043,0.99590,0.98163,0.99726,0.99218,0.98925,0.97450,0.89204,0.91637,0.97978,0.98232,0.95809,0.88705,0.87103,0.83117,0.83547,0.74030,0.67396,0.99746,0.99795,0.99746,0.99834,0.99805,0.99746,0.99844,0.99795,0.99609,0.99443,0.99687,0.99814,0.99873,0.99961,0.99717,0.99902,0.99756,0.99678,0.99590,0.99922,0.99658,0.99853,0.99756,0.99863,0.99619,0.99678,0.99707,0.99775,0.99580,0.99824,0.99717,0.99814,0.99736,0.99834,0.99814,0.99629,0.99570,0.89624,0.99384,0.93532,0.92975,0.96375,0.95554,0.98359,0.99111,0.97860,0.95183,0.92995,0.91529,0.89819,2
0.26693,0.26370,0.26556,0.26321,0.26497,0.26634,0.26351,0.25960,0.26400,0.26409,0.26224,0.26722,0.26458,0.26351,0.26488,0.26683,0.26341,0.26488,0.26448,0.26556,0.26996,0.26869,0.24934,0.26751,0.32594,0.41944,0.65589,0.58691,0.88617,0.88119,0.76473,0.73679,0.71168,0.75056,0.75877,0.99707,0.99551,0.99551,0.99609,0.99531,0.99707,0.99736,0.99775,0.99707,0.99590,0.99511,0.99766,0.99726,0.99619,0.99463,0.99687,0.99609,0.99570,0.99814,0.99668,0.99551,0.99629,0.99541,0.99365,0.99560,0.96004,0.66663,0.54998,0.61759,0.80850,0.74118,0.76766,0.75369,0.58212,0.61329,0.71783,0.73346,0.77352,0.77176,0.77235,0.76414,0.76502,0.78574,0.77557,0.47338,0.43957,0.45569,0.44270,0.39726,0.25657,0.19003,0.27064,0.28823,0.28393,0.22775,0.25862,0.21505,0.22374,0.19326,0.23986,0.19951,0.24514,0.32027,0.18847,0.30220,3
0.30005,0.28715,0.28481,0.27435,0.26742,0.26390,0.27601,0.28061,0.28334,0.27973,0.28021,0.28236,0.27904,0.28647,0.28754,0.28188,0.27660,0.27162,0.27406,0.28813,0.29995,0.30318,0.30269,0.30005,0.29311,0.29682,0.30239,0.30308,0.30415,0.30562,0.30474,0.30347,0.29702,0.29595,0.29653,0.29419,0.29614,0.29428,0.31168,0.30161,0.28070,0.32008,0.38867,0.19463,0.51881,0.52692,0.53141,0.51656,0.24133,0.21895,0.26097,0.25217,0.26097,0.32320,0.45774,0.43341,0.49565,0.66556,0.45002,0.37626,0.34744,0.34304,0.30523,0.33043,0.29008,0.37577,0.37196,0.37587,0.26527,0.22609,0.20508,0.20195,0.24954,0.21798,0.19267,0.43273,0.47093,0.41876,0.46321,0.46321,0.46966,0.46585,0.45677,0.42970,0.43439,0.17225,0.16004,0.14343,0.24084,0.53630,0.35369,0.70298,0.99609,0.99570,0.99541,0.99248,0.99726,0.99619,0.38534,0.28920,3
0.51480,0.51373,0.51177,0.51285,0.50904,0.50992,0.51295,0.51197,0.51119,0.50914,0.50562,0.50689,0.50806,0.50151,0.50191,0.49780,0.49858,0.50386,0.50855,0.51031,0.51343,0.51255,0.50386,0.50425,0.50415,0.49223,0.47982,0.43771,0.25286,0.14060,0.14734,0.14216,0.17509,0.21055,0.22785,0.45305,0.46243,0.48324,0.51373,0.48989,0.51334,0.51422,0.51744,0.52399,0.54040,0.55398,0.55369,0.57010,0.55467,0.68256,0.58163,0.52262,0.59375,0.56805,0.60303,0.37176,0.43498,0.42814,0.37450,0.38417,0.45061,0.43322,0.45725,0.47191,0.40703,0.50298,0.52125,0.58261,0.40283,0.43078,0.31597,0.55867,0.56121,0.54157,0.53395,0.54744,0.52526,0.53708,0.56356,0.55046,0.73024,0.62355,0.61202,0.61319,0.69624,0.59023,0.52653,0.53933,0.54148,0.59306,0.85862,0.82599,0.80420,0.99736,0.84524,0.99267,0.61778,0.17030,0.15173,0.15476,3
0.42228,0.42306,0.42032,0.41475,0.41612,0.41426,0.39551,0.39453,0.35447,0.33874,0.32008,0.16805,0.21319,0.25852,0.31480,0.38173,0.45530,0.42980,0.37186,0.39463,0.37851,0.38730,0.34577,0.41808,0.45081,0.46830,0.51128,0.54675,0.55877,0.57147,0.58075,0.65843,0.47875,0.47758,0.53864,0.53718,0.48168,0.46253,0.44270,0.42775,0.39551,0.35564,0.33864,0.37000,0.55603,0.54763,0.53659,0.58984,0.55857,0.57782,0.58925,0.60029,0.62394,0.62960,0.52408,0.35525,0.52926,0.52897,0.51422,0.58310,0.59052,0.53131,0.31705,0.26575,0.26302,0.24211,0.24651,0.50796,0.25442,0.25735,0.24660,0.17606,0.15633,0.17548,0.17391,0.24475,0.19951,0.19062,0.16649,0.15564,0.11744,0.14284,0.12623,0.10591,0.13346,0.13669,0.16492,0.16600,0.24436,0.26282,0.26771,0.16131,0.13307,0.11627,0.32985,0.49682,0.51363,0.52399,0.58730,0.65188,3
0.99951,0.99697,0.99726,0.99707,0.99687,0.99287,0.99482,0.99570,0.93249,0.81651,0.81544,0.68070,0.65589,0.61397,0.56815,0.50523,0.44739,0.41749,0.38622,0.47582,0.50601,0.53073,0.47377,0.42775,0.44856,0.43527,0.50552,0.47758,0.33366,0.34910,0.32995,0.31617,0.31021,0.32184,0.33776,0.35066,0.35193,0.36356,0.26136,0.28236,0.27230,0.30308,0.32291,0.36414,0.37772,0.44377,0.99570,0.99541,0.99521,0.99287,0.99336,0.99336,0.99580,0.99580,0.99580,0.18183,0.18085,0.25325,0.28637,0.36825,0.96414,0.99629,0.99492,0.99805,0.99687,0.99775,0.96991,0.99619,0.99805,0.99756,0.99795,0.99824,0.99824,0.99560,0.99668,0.99824,0.99824,0.99795,0.99795,0.99795,0.99658,0.99726,0.99766,0.98730,0.99551,0.67162,0.63918,0.69262,0.55926,0.52106,0.48735,0.37538,0.49282,0.42892,0.43674,0.43488,0.33679,0.65804,0.43810,0.30699,3
0.34108,0.33991,0.34060,0.34118,0.34079,0.33854,0.33981,0.34235,0.33854,0.33864,0.34011,0.33981,0.34177,0.33933,0.34030,0.34177,0.33981,0.33913,0.33815,0.33874,0.34362,0.34187,0.33942,0.34118,0.33776,0.34050,0.34060,0.34011,0.33981,0.33864,0.34001,0.33913,0.33796,0.33903,0.33806,0.33864,0.33952,0.33933,0.34021,0.34021,0.34099,0.34138,0.34196,0.34265,0.34089,0.34079,0.34245,0.34382,0.34294,0.34099,0.34382,0.34402,0.34665,0.34372,0.34235,0.34040,0.33894,0.33718,0.33620,0.33796,0.34304,0.35467,0.37284,0.37968,0.54968,0.99775,0.99775,0.86878,0.85589,0.87201,0.86409,0.81759,0.80645,0.99003,0.99541,0.99795,0.99638,0.99658,0.74392,0.75672,0.62804,0.99521,0.38964,0.36121,0.26742,0.25501,0.17303,0.12125,0.17606,0.21641,0.23918,0.25159,0.24651,0.21446,0.15584,0.16590,0.13591,0.22579,0.21602,0.24836,1
0.26663,0.26849,0.26732,0.26732,0.26624,0.26634,0.26654,0.26908,0.26693,0.26800,0.26751,0.26478,0.26663,0.26790,0.26810,0.26742,0.26820,0.26751,0.26810,0.27181,0.26702,0.26585,0.26947,0.26859,0.26761,0.26800,0.26702,0.26878,0.26722,0.26468,0.26488,0.26790,0.26947,0.26595,0.27259,0.27259,0.27308,0.27386,0.27269,0.27435,0.27191,0.27093,0.26937,0.26927,0.26927,0.26966,0.26986,0.26898,0.26800,0.26830,0.26654,0.26800,0.26683,0.26810,0.27191,0.27211,0.27416,0.27269,0.27347,0.27347,0.27631,0.27426,0.27592,0.27699,0.27416,0.27377,0.27289,0.27064,0.85403,0.99853,0.99736,0.99775,0.99814,0.99707,0.99629,0.99844,0.99746,0.99365,0.99433,0.87054,0.93923,0.72633,0.87367,0.79375,0.61993,0.82960,0.62872,0.40342,0.29702,0.32819,0.34577,0.26556,0.13278,0.22833,0.25208,0.20645,0.17909,0.14617,0.14792,0.14988,1
0.36053,0.35936,0.35809,0.36160,0.36492,0.36180,0.36102,0.36209,0.36317,0.36639,0.36082,0.36072,0.36532,0.36717,0.36873,0.36707,0.36571,0.36180,0.36014,0.35828,0.35740,0.35340,0.36453,0.33874,0.78437,0.94167,0.99482,0.99599,0.99746,0.99638,0.99863,0.99814,0.99599,0.99785,0.78740,0.99590,0.99717,0.99570,0.83439,0.99658,0.99785,0.89839,0.61260,0.44787,0.34021,0.30171,0.31285,0.63820,0.14050,0.15017,0.19951,0.19238,0.19521,0.12447,0.12203,0.12203,0.12272,0.19130,0.19130,0.19687,0.19580,0.19033,0.18886,0.18671,0.19365,0.19189,0.18896,0.19052,0.18447,0.19111,0.19101,0.19678,0.19209,0.19443,0.19082,0.19472,0.19091,0.19404,0.19443,0.19345,0.19277,0.19599,0.19795,0.19736,0.19668,0.19482,0.19384,0.19267,0.19072,0.19277,0.19717,0.19658,0.19668,0.19336,0.19502,0.19531,0.19375,0.19580,0.19130,0.19082,1
0.19893,0.20088,0.20098,0.19990,0.20107,0.20078,0.19726,0.19638,0.19531,0.19121,0.19599,0.19394,0.19453,0.19502,0.19355,0.19384,0.19404,0.19482,0.19678,0.19971,0.19658,0.19756,0.19570,0.19336,0.19502,0.19756,0.19834,0.19717,0.19414,0.19453,0.19345,0.19570,0.19306,0.19599,0.19365,0.19551,0.19433,0.19287,0.19482,0.19433,0.19453,0.19482,0.19521,0.19424,0.19638,0.19492,0.19638,0.19375,0.19502,0.19678,0.19560,0.19424,0.19394,0.64025,0.95564,0.99717,0.99746,0.99853,0.99678,0.99844,0.99756,0.99766,0.97391,0.99482,0.99775,0.99560,0.99795,0.99678,0.99707,0.99844,0.99873,0.99814,0.99687,0.99609,0.84709,0.80088,0.59717,0.47084,0.46566,0.34587,0.27640,0.22765,0.18378,0.23517,0.21163,0.21065,0.16209,0.13864,0.21124,0.22531,0.22824,0.23693,0.23341,0.23488,0.23283,0.23273,0.23117,0.23273,0.22951,0.22902,1
0.29448,0.29800,0.30083,0.29956,0.29790,0.29936,0.29868,0.30249,0.30699,0.30259,0.30464,0.30191,0.30161,0.29858,0.29907,0.30210,0.30318,0.30064,0.30034,0.29888,0.29663,0.29868,0.29702,0.29858,0.29946,0.29888,0.30093,0.29819,0.29878,0.29936,0.29907,0.30064,0.29907,0.30171,0.30073,0.29995,0.30142,0.29985,0.30288,0.30054,0.30191,0.30073,0.29956,0.29907,0.30347,0.29985,0.29985,0.26790,0.92213,0.99766,0.99814,0.99853,0.99814,0.99814,0.99717,0.99648,0.99883,0.99795,0.99678,0.99707,0.99775,0.99863,0.99707,0.99795,0.99814,0.99814,0.99834,0.99883,0.99775,0.99853,0.99805,0.99726,0.99893,0.95340,0.43136,0.39590,0.22081,0.27465,0.26341,0.20547,0.36365,0.38837,0.25432,0.21837,0.25823,0.26781,0.26058,0.25383,0.22628,0.29311,0.29936,0.27181,0.30044,0.29614,0.29331,0.29174,0.30171,0.30181,0.30210,0.30396,1
0.49213,0.51490,0.49213,0.50327,0.49995,0.48442,0.50083,0.50884,0.50093,0.50161,0.50708,0.50542,0.52262,0.51988,0.44025,0.49780,0.51900,0.54431,0.51881,0.52995,0.51216,0.51851,0.53669,0.51275,0.50376,0.52135,0.51304,0.51109,0.50327,0.50747,0.50845,0.50405,0.50728,0.52213,0.51314,0.49829,0.52907,0.51695,0.52545,0.50738,0.50269,0.51236,0.49624,0.50777,0.53727,0.52320,0.50493,0.39463,0.36590,0.94783,0.99511,0.99883,0.99551,0.99736,0.99805,0.99766,0.99853,0.99824,0.89292,0.46185,0.40723,0.44573,0.38955,0.40537,0.58095,0.37020,0.38212,0.41915,0.44055,0.68305,0.67953,0.68158,0.67152,0.69301,0.68872,0.68100,0.66732,0.67328,0.67816,0.67347,0.67298,0.67601,0.66488,0.66673,0.65950,0.65979,0.66341,0.66546,0.66595,0.66722,0.67025,0.66390,0.66888,0.66556,0.66917,0.66761,0.66742,0.67035,0.66673,0.66751,1
0.64240,0.64426,0.64504,0.64123,0.64172,0.64631,0.64582,0.64152,0.64006,0.64338,0.64231,0.64319,0.64475,0.64416,0.64787,0.64494,0.64475,0.64651,0.64553,0.64485,0.64573,0.64514,0.64758,0.64338,0.64514,0.64504,0.64406,0.64465,0.64651,0.64670,0.65169,0.64954,0.64856,0.64739,0.64494,0.64748,0.64817,0.64963,0.64973,0.64670,0.64475,0.64573,0.64924,0.64582,0.64592,0.64827,0.64915,0.64475,0.64533,0.64719,0.64758,0.64895,0.69213,0.32995,0.34773,0.99551,0.99766,0.99775,0.99687,0.99775,0.99805,0.99834,0.99668,0.99756,0.99736,0.99775,0.99590,0.99863,0.88803,0.71705,0.70982,0.58036,0.37128,0.30327,0.21260,0.57626,0.45296,0.57655,0.49497,0.54851,0.52223,0.55681,0.56825,0.56932,0.58808,0.43791,0.56746,0.56502,0.60743,0.61866,0.33845,0.42912,0.60020,0.59736,0.59228,0.57890,0.56453,0.57284,0.56649,0.41075,1
0.62071,0.62198,0.62237,0.62325,0.62374,0.62130,0.62423,0.62501,0.62511,0.62277,0.62511,0.62306,0.62091,0.62413,0.62257,0.62189,0.62120,0.62198,0.61876,0.62032,0.62179,0.62404,0.62218,0.62081,0.61895,0.62189,0.62384,0.61974,0.62042,0.62179,0.61651,0.62003,0.61729,0.61593,0.61417,0.61485,0.61681,0.61172,0.57206,0.60430,0.57030,0.60713,0.87152,0.99697,0.99580,0.99834,0.99599,0.99873,0.99707,0.99580,0.99932,0.99433,0.99932,0.99893,0.99560,0.99648,0.99824,0.96004,0.99775,0.68832,0.92057,0.37284,0.58544,0.42785,0.55330,0.63107,0.56356,0.57890,0.29458,0.22218,0.41339,0.64016,0.64621,0.64660,0.65159,0.65344,0.64954,0.63898,0.64485,0.64797,0.65149,0.64494,0.64631,0.64377,0.64436,0.64700,0.65188,0.64592,0.64700,0.64866,0.64827,0.64963,0.65256,0.65061,0.65061,0.65638,0.65129,0.64533,0.64660,0.64465,1
0.59502,0.59668,0.59726,0.59678,0.59472,0.59658,0.59384,0.59795,0.59726,0.59541,0.59658,0.59482,0.60107,0.60107,0.60234,0.60264,0.60489,0.60410,0.60362,0.60537,0.60117,0.59883,0.60234,0.60078,0.60000,0.59697,0.59746,0.59638,0.59277,0.59941,0.59805,0.60186,0.59805,0.59707,0.59951,0.59795,0.59218,0.59384,0.59209,0.59336,0.59228,0.58828,0.58808,0.58280,0.57577,0.57157,0.56580,0.49653,0.47455,0.48842,0.50660,0.50308,0.50767,0.51656,0.51597,0.51793,0.51549,0.51597,0.31422,0.25686,0.40997,0.75936,0.99599,0.99638,0.99707,0.99433,0.99560,0.99785,0.99824,0.99766,0.99746,0.99893,0.99883,0.99717,0.99726,0.99599,0.99609,0.99863,0.87904,0.88705,0.89419,0.91089,0.77577,0.85462,0.70718,0.61798,0.56903,0.43439,0.42951,0.30347,0.17880,0.23429,0.20879,0.24719,0.26859,0.24924,0.28901,0.23400,0.24915,0.27846,1
0.29936,0.29849,0.30093,0.29858,0.29849,0.29819,0.29946,0.30034,0.30581,0.30122,0.30171,0.30073,0.30347,0.30181,0.30132,0.30337,0.30738,0.30454,0.30445,0.29956,0.29966,0.29682,0.29722,0.29839,0.30181,0.30366,0.29956,0.29878,0.30034,0.29956,0.29780,0.29956,0.29800,0.29731,0.29751,0.29643,0.29985,0.29888,0.29927,0.29770,0.30181,0.29712,0.30015,0.29976,0.30288,0.27181,0.25247,0.29829,0.52154,0.88784,0.86194,0.99629,0.99756,0.99785,0.99707,0.99687,0.99766,0.99599,0.99746,0.99687,0.99638,0.99746,0.99541,0.99717,0.99834,0.99775,0.99551,0.99785,0.99814,0.99599,0.99746,0.99824,0.99707,0.68471,0.51939,0.47582,0.33014,0.21700,0.24162,0.29253,0.29565,0.99511,0.30826,0.27836,0.26673,0.28119,0.27132,0.27728,0.27601,0.28657,0.29028,0.30562,0.29731,0.31041,0.30523,0.30308,0.30620,0.27855,0.27904,0.29077,1
0.33356,0.33327,0.32780,0.32809,0.32233,0.32594,0.32946,0.33337,0.33395,0.33512,0.33591,0.33288,0.31676,0.31461,0.31803,0.32379,0.32086,0.33180,0.32838,0.33356,0.32985,0.33415,0.33356,0.33425,0.33727,0.33317,0.33180,0.33200,0.32066,0.32516,0.32369,0.32750,0.32614,0.32770,0.32682,0.32506,0.32457,0.32457,0.32418,0.32360,0.32184,0.32301,0.32193,0.32369,0.32623,0.32408,0.32350,0.32438,0.32360,0.32320,0.32057,0.32311,0.32408,0.32272,0.32096,0.32272,0.32145,0.32369,0.32399,0.32115,0.32555,0.32350,0.32350,0.32418,0.32360,0.32135,0.32037,0.32027,0.32399,0.31939,0.32174,0.31842,0.31851,0.32086,0.32428,0.30425,0.30269,0.30445,0.32516,0.32164,0.32174,0.32330,0.32076,0.31842,0.31832,0.32096,0.32233,0.32213,0.32389,0.32193,0.31910,0.32311,0.31988,0.31988,0.31959,0.31822,0.32203,0.32184,0.32291,0.32555,0
0.32848,0.33073,0.33258,0.33229,0.33258,0.33141,0.33239,0.33053,0.33043,0.33092,0.33043,0.32995,0.33268,0.33014,0.33229,0.33258,0.33043,0.33151,0.32985,0.33161,0.32926,0.33356,0.32868,0.33151,0.33288,0.32614,0.33034,0.33190,0.33239,0.33288,0.33288,0.33219,0.33219,0.33190,0.33210,0.33004,0.33053,0.32780,0.32653,0.32721,0.32995,0.32741,0.32516,0.32418,0.32164,0.32438,0.32330,0.32301,0.32467,0.32584,0.32594,0.32447,0.32702,0.32604,0.32438,0.32408,0.32428,0.32350,0.32741,0.32535,0.32809,0.32702,0.32780,0.33043,0.33532,0.33512,0.33581,0.33532,0.33630,0.33483,0.33708,0.33620,0.33581,0.33522,0.33845,0.33600,0.33884,0.33688,0.33639,0.33766,0.33591,0.33512,0.33610,0.33542,0.33815,0.33903,0.33620,0.33659,0.33591,0.33483,0.33473,0.33434,0.33776,0.33376,0.33122,0.33180,0.32965,0.32809,0.32946,0.32838,0
0.29145,0.32829,0.32545,0.31656,0.30845,0.30660,0.32027,0.30552,0.31451,0.31607,0.31715,0.32535,0.29507,0.31334,0.32721,0.31812,0.30904,0.32106,0.30308,0.30230,0.28266,0.27484,0.29565,0.28959,0.27875,0.28969,0.27406,0.28276,0.27748,0.18935,0.20606,0.27680,0.27523,0.27357,0.25159,0.24563,0.22521,0.27738,0.23048,0.21280,0.24709,0.22833,0.18329,0.19599,0.40694,0.39463,0.51168,0.47338,0.68881,0.85383,0.99668,0.99531,0.93317,0.74304,0.86390,0.84064,0.90171,0.98788,0.97968,0.99404,0.96121,0.96629,0.90552,0.96336,0.92594,0.93933,0.84358,0.84963,0.98007,0.97518,0.98652,0.99316,0.99453,0.99795,0.99707,0.99736,0.99257,0.99785,0.99580,0.99326,0.99707,0.99580,0.99726,0.99785,0.99726,0.99668,0.99453,0.99697,0.99619,0.99648,0.99638,0.99590,0.99678,0.99717,0.96502,0.94910,0.90200,0.43781,0.19570,0.22990,2
0.99893,0.99619,0.99668,0.99668,0.99531,0.99336,0.99609,0.99404,0.99726,0.99648,0.99658,0.99404,0.97489,0.46712,0.29262,0.54704,0.49018,0.50962,0.46663,0.57440,0.58300,0.62980,0.98710,0.99668,0.64240,0.71597,0.97313,0.99619,0.99678,0.99697,0.99590,0.99726,0.99795,0.99805,0.99590,0.99687,0.99785,0.99853,0.99853,0.99629,0.99775,0.99668,0.99775,0.99697,0.99619,0.94265,0.81534,0.80401,0.77040,0.82404,0.85462,0.85305,0.84621,0.99687,0.99502,0.99453,0.97128,0.99560,0.99531,0.99668,0.99316,0.89106,0.88041,0.88950,0.91089,0.91627,0.92242,0.90972,0.91041,0.89907,0.89282,0.88676,0.82951,0.74841,0.55906,0.67152,0.99668,0.34343,0.24582,0.23048,0.25657,0.19443,0.17743,0.20860,0.23674,0.22941,0.21202,0.21641,0.20987,0.21114,0.21055,0.21016,0.21124,0.20879,0.20830,0.20948,0.20762,0.20938,0.20821,0.20860,2
0.24006,0.24700,0.24895,0.25335,0.24524,0.24035,0.23195,0.22550,0.21925,0.22364,0.22482,0.22814,0.23439,0.23527,0.23214,0.23771,0.23390,0.23302,0.21964,0.21788,0.21866,0.22687,0.22374,0.20625,0.23752,0.24123,0.23107,0.20899,0.26937,0.36815,0.93473,0.84152,0.79238,0.78574,0.57294,0.56190,0.66536,0.79062,0.64729,0.64221,0.85354,0.79062,0.99570,0.99580,0.99736,0.99736,0.99472,0.99756,0.99785,0.89770,0.96492,0.99736,0.99697,0.99570,0.99717,0.99560,0.99463,0.99775,0.99414,0.99658,0.99570,0.99795,0.99726,0.99678,0.99638,0.99795,0.99648,0.99424,0.99668,0.99629,0.99678,0.99648,0.99795,0.99629,0.99717,0.99678,0.42140,0.59472,0.13776,0.14695,0.15134,0.14235,0.13161,0.14646,0.11451,0.13278,0.12106,0.11949,0.10259,0.21221,0.99638,0.99687,0.99179,0.97489,0.95838,0.98574,0.98466,0.97880,0.98280,0.98779,2
0.97675,0.97225,0.97723,0.97880,0.97753,0.97958,0.98085,0.98349,0.98427,0.97733,0.97919,0.98105,0.98251,0.97997,0.97841,0.98017,0.98613,0.97958,0.98183,0.97821,0.97958,0.97782,0.99756,0.99717,0.99551,0.99717,0.92877,0.94861,0.94441,0.99023,0.96102,0.96307,0.92809,0.94304,0.95330,0.98945,0.97851,0.98925,0.96248,0.98788,0.99717,0.98525,0.99707,0.95291,0.95496,0.98417,0.95975,0.99414,0.97274,0.98300,0.95574,0.93522,0.88696,0.99717,0.99678,0.99297,0.95564,0.96180,0.89028,0.87943,0.83009,0.93542,0.91724,0.90953,0.92369,0.91109,0.87455,0.90699,0.91070,0.90992,0.90503,0.89819,0.89165,0.85296,0.90884,0.80879,0.99824,0.70708,0.58407,0.72516,0.93845,0.93806,0.97596,0.98212,0.98300,0.97606,0.96229,0.95945,0.96571,0.97118,0.97665,0.98388,0.98183,0.98574,0.98368,0.98417,0.98466,0.98466,0.98583,0.98368,2
0.99521,0.99365,0.99394,0.99218,0.99345,0.99590,0.99316,0.99453,0.99541,0.99492,0.99482,0.99599,0.99511,0.98769,0.96737,0.94763,0.99033,0.98007,0.98417,0.99297,0.99453,0.99638,0.99062,0.99189,0.99638,0.99609,0.99511,0.99590,0.99560,0.99678,0.99726,0.99746,0.99795,0.97880,0.98906,0.85481,0.79736,0.69751,0.64514,0.71412,0.71392,0.82824,0.72858,0.76483,0.78310,0.83263,0.81720,0.79238,0.78632,0.81602,0.81788,0.82609,0.85022,0.86888,0.87680,0.88696,0.89321,0.89477,0.88920,0.89448,0.88823,0.88471,0.88109,0.87533,0.86996,0.85540,0.83009,0.79267,0.68979,0.69077,0.55320,0.63498,0.80674,0.97157,0.97665,0.90630,0.95799,0.97665,0.96346,0.97108,0.98026,0.94949,0.97313,0.96864,0.97069,0.96991,0.97049,0.97088,0.97811,0.96776,0.95994,0.96336,0.96844,0.98056,0.97997,0.98134,0.97665,0.97577,0.97440,0.94636,2
0.97899,0.97938,0.97792,0.97518,0.97684,0.97636,0.98212,0.98026,0.98300,0.97802,0.97968,0.97782,0.97968,0.97753,0.97938,0.98095,0.97723,0.98232,0.97978,0.97792,0.98007,0.98124,0.98085,0.98056,0.97968,0.98251,0.98222,0.98065,0.98105,0.97968,0.97528,0.98007,0.97870,0.97802,0.97870,0.98192,0.97968,0.98075,0.97802,0.98036,0.97733,0.97841,0.97469,0.97821,0.97665,0.98065,0.97880,0.97899,0.98212,0.98105,0.98192,0.98085,0.98222,0.98271,0.98398,0.98329,0.97938,0.97811,0.98222,0.98368,0.98241,0.98046,0.97938,0.97938,0.98105,0.97929,0.98065,0.97987,0.97567,0.97851,0.97772,0.97577,0.97675,0.97518,0.97870,0.97841,0.97860,0.97723,0.97958,0.97723,0.97938,0.97704,0.98212,0.98310,0.97929,0.97655,0.97958,0.97684,0.98026,0.98017,0.97978,0.98036,0.97870,0.97958,0.98017,0.97978,0.97919,0.98036,0.97723,0.97919,0
0.97870,0.97782,0.97587,0.97694,0.98026,0.98192,0.98017,0.97909,0.97792,0.98212,0.97968,0.97978,0.97733,0.97587,0.97890,0.98026,0.98065,0.97880,0.98261,0.97782,0.97968,0.98466,0.97948,0.98017,0.98056,0.97997,0.98134,0.98183,0.98310,0.98290,0.97948,0.98241,0.98280,0.98388,0.98036,0.98153,0.98466,0.98329,0.98534,0.98212,0.98271,0.98544,0.98476,0.98310,0.98515,0.98359,0.98398,0.98241,0.98554,0.98173,0.98564,0.98407,0.98388,0.98447,0.98593,0.98339,0.98525,0.98280,0.98368,0.97997,0.98554,0.98310,0.98329,0.98495,0.98280,0.98114,0.98456,0.97938,0.98280,0.98339,0.98319,0.98339,0.98290,0.98310,0.98407,0.97958,0.98388,0.98222,0.97870,0.98319,0.98153,0.98388,0.97938,0.98065,0.98447,0.98017,0.98036,0.98075,0.98153,0.98036,0.98222,0.98114,0.98095,0.98065,0.98056,0.98124,0.98056,0.98124,0.98007,0.98075,0
0.99424,0.99326,0.99844,0.99570,0.99609,0.99599,0.99805,0.99638,0.99766,0.99775,0.97948,0.99590,0.99414,0.99766,0.91832,0.83214,0.98788,0.99482,0.86673,0.84240,0.71001,0.68315,0.89077,0.74626,0.98505,0.81505,0.99629,0.99218,0.98359,0.98994,0.99179,0.98779,0.88285,0.67601,0.96444,0.95173,0.90787,0.98613,0.39267,0.98906,0.99697,0.94548,0.98632,0.99277,0.99609,0.99551,0.99668,0.99521,0.99472,0.99570,0.99619,0.99541,0.99492,0.99570,0.99678,0.99599,0.95945,0.92750,0.66097,0.74949,0.43214,0.35154,0.25198,0.17948,0.17557,0.20342,0.19746,0.24045,0.18886,0.19746,0.50093,0.97411,0.98857,0.99375,0.99746,0.99599,0.99599,0.99482,0.99209,0.99756,0.90493,0.99316,0.99492,0.96844,0.97020,0.97049,0.92184,0.87152,0.96698,0.92330,0.97284,0.97938,0.97411,0.98515,0.98642,0.99072,0.99463,0.99541,0.99551,0.99130,3
0.99443,0.99384,0.99785,0.99375,0.99531,0.99472,0.99306,0.99707,0.99482,0.99560,0.99756,0.99531,0.99375,0.99375,0.99443,0.99629,0.99638,0.99648,0.99629,0.99648,0.99551,0.98759,0.97450,0.85305,0.91832,0.92926,0.99023,0.97225,0.99375,0.93552,0.99570,0.99658,0.99824,0.99766,0.99629,0.99717,0.99726,0.99902,0.99707,0.99384,0.99814,0.99658,0.99678,0.99678,0.99678,0.99775,0.99805,0.99697,0.99678,0.99687,0.99668,0.99668,0.99619,0.99668,0.99658,0.99785,0.99717,0.99648,0.99814,0.93444,0.66781,0.68891,0.68422,0.66957,0.59091,0.57372,0.56942,0.63341,0.66243,0.67904,0.55965,0.55701,0.54978,0.54646,0.54362,0.56072,0.57831,0.57069,0.59883,0.65638,0.73688,0.91197,0.36385,0.28334,0.33229,0.43146,0.30532,0.37958,0.63468,0.71705,0.88725,0.99590,0.99717,0.99658,0.99834,0.99824,0.99687,0.99658,0.99648,0.99766,3
0.99756,0.99717,0.99551,0.99492,0.99541,0.99746,0.99570,0.99609,0.99599,0.99658,0.99736,0.99629,0.99717,0.99697,0.99443,0.99521,0.99736,0.99316,0.99570,0.99443,0.99599,0.99658,0.99756,0.99717,0.99658,0.99541,0.99482,0.99697,0.99805,0.99873,0.99746,0.99805,0.99717,0.99687,0.99717,0.99638,0.99609,0.99697,0.99668,0.99629,0.99766,0.99678,0.99785,0.99609,0.99580,0.99805,0.99551,0.99580,0.99717,0.99687,0.99521,0.99746,0.99746,0.99619,0.99619,0.99697,0.99707,0.99805,0.99531,0.99629,0.99687,0.99707,0.99853,0.99531,0.91930,0.99248,0.92477,0.41495,0.36268,0.42501,0.49761,0.71744,0.43527,0.31705,0.34148,0.42814,0.46087,0.51656,0.63791,0.99707,0.99668,0.55330,0.99160,0.92975,0.99707,0.62267,0.38769,0.68158,0.72399,0.74157,0.71470,0.80625,0.82198,0.81045,0.79961,0.79609,0.78574,0.79091,0.99599,0.99531,3
0.99482,0.99697,0.99482,0.99521,0.99785,0.99551,0.99570,0.99746,0.99629,0.99433,0.99736,0.99648,0.99629,0.99394,0.99453,0.99502,0.99570,0.99580,0.99580,0.99521,0.99697,0.99551,0.99472,0.99697,0.99629,0.99707,0.99658,0.99785,0.99541,0.99853,0.99629,0.99736,0.99648,0.99531,0.99638,0.99619,0.99404,0.99502,0.99472,0.97548,0.99599,0.99384,0.99795,0.99336,0.99766,0.99707,0.99785,0.99863,0.99912,0.99492,0.99707,0.99668,0.99736,0.99736,0.99599,0.99599,0.99502,0.99472,0.99707,0.99785,0.99785,0.99736,0.99590,0.99570,0.99599,0.99726,0.99482,0.99902,0.99599,0.99707,0.99814,0.99766,0.99707,0.99726,0.99492,0.99638,0.99658,0.99853,0.99726,0.99863,0.99844,0.99658,0.99707,0.99414,0.99678,0.99521,0.99570,0.99717,0.99697,0.99687,0.99736,0.99746,0.99433,0.99717,0.99746,0.99541,0.99638,0.99717,0.99824,0.99697,3
0.99678,0.99570,0.99736,0.99433,0.99795,0.99863,0.99648,0.99707,0.99658,0.99668,0.99599,0.99570,0.99443,0.99609,0.99463,0.99502,0.99551,0.99277,0.99599,0.99482,0.99404,0.99355,0.99492,0.99619,0.99638,0.99443,0.99521,0.99541,0.99551,0.99717,0.99560,0.99619,0.99580,0.99511,0.99609,0.99541,0.99443,0.99551,0.99375,0.99726,0.99404,0.99590,0.99482,0.99629,0.99463,0.99482,0.99424,0.99511,0.99697,0.99394,0.99668,0.99560,0.99756,0.99375,0.99551,0.99638,0.99531,0.99472,0.99619,0.99658,0.99609,0.99560,0.99658,0.99707,0.99658,0.99375,0.99443,0.99541,0.99580,0.99453,0.99707,0.99766,0.99678,0.99551,0.99238,0.99560,0.99560,0.99707,0.99736,0.99609,0.99756,0.99863,0.99853,0.99707,0.99717,0.99844,0.99834,0.99736,0.99746,0.99707,0.99658,0.99775,0.41153,0.26839,0.29497,0.24700,0.34108,0.27660,0.24875,0.28285,3
0.42433,0.42120,0.42101,0.42179,0.42091,0.42159,0.42159,0.42159,0.42179,0.42306,0.42237,0.42208,0.42237,0.42335,0.42130,0.42130,0.42110,0.42042,0.42071,0.42091,0.42081,0.42198,0.42198,0.42120,0.42228,0.42159,0.42531,0.42091,0.42355,0.42208,0.42052,0.42013,0.42296,0.41935,0.42013,0.41935,0.42159,0.42149,0.41974,0.42120,0.42032,0.42052,0.41954,0.42228,0.42052,0.42003,0.41974,0.41974,0.41935,0.42032,0.42296,0.42198,0.42101,0.42081,0.42267,0.42198,0.42198,0.42032,0.42433,0.42130,0.42042,0.42120,0.42286,0.42228,0.42179,0.41983,0.42198,0.42140,0.42364,0.41935,0.42247,0.42511,0.42316,0.42345,0.42218,0.42257,0.42179,0.42052,0.42149,0.42101,0.42081,0.42189,0.42130,0.42277,0.42081,0.42091,0.42247,0.42267,0.42335,0.42159,0.42277,0.42247,0.42140,0.42228,0.42218,0.42091,0.42169,0.42091,0.42325,0.42149,0
0.42423,0.42618,0.42648,0.42706,0.42609,0.42511,0.42511,0.42394,0.42257,0.42404,0.42149,0.42257,0.42511,0.42384,0.42306,0.42257,0.42286,0.42257,0.42257,0.42413,0.42277,0.42296,0.42296,0.42462,0.42413,0.42472,0.42384,0.42404,0.42560,0.42648,0.42325,0.42706,0.42374,0.42433,0.42452,0.42374,0.42345,0.42433,0.42355,0.42433,0.42443,0.42433,0.42355,0.42267,0.42277,0.42491,0.42531,0.42462,0.42462,0.42404,0.42540,0.42570,0.42335,0.42482,0.42609,0.42843,0.42433,0.42648,0.42618,0.42482,0.42677,0.42423,0.42540,0.42706,0.42472,0.42491,0.42550,0.42491,0.42335,0.42462,0.42364,0.42560,0.42521,0.42394,0.42697,0.42511,0.42491,0.42882,0.42501,0.42648,0.42423,0.42452,0.42443,0.42570,0.42579,0.42443,0.42482,0.42716,0.42560,0.42628,0.42589,0.42491,0.42433,0.42491,0.42794,0.42706,0.42648,0.42599,0.42638,0.42316,0
0.41544,0.41426,0.40195,0.41485,0.40860,0.40645,0.40752,0.40879,0.40674,0.40567,0.40889,0.41602,0.41182,0.42237,0.52233,0.46566,0.45774,0.45725,0.57059,0.56512,0.54851,0.43224,0.43000,0.43312,0.42550,0.42501,0.42179,0.41993,0.43468,0.44983,0.45833,0.46097,0.49399,0.44543,0.30357,0.43625,0.41964,0.41886,0.41593,0.42071,0.41612,0.41466,0.43723,0.45012,0.45022,0.44748,0.45393,0.47103,0.43410,0.43420,0.45999,0.48217,0.53522,0.47553,0.44924,0.46292,0.41593,0.44358,0.73180,0.46820,0.45442,0.58945,0.44221,0.53405,0.43097,0.39424,0.45569,0.51431,0.55349,0.55369,0.53464,0.63263,0.52760,0.50171,0.52076,0.50933,0.39199,0.90796,0.94314,0.88139,0.99482,0.99756,0.99717,0.99511,0.99355,0.99814,0.99648,0.99433,0.99531,0.99414,0.99365,0.99492,0.99853,0.99424,0.99619,0.99492,0.99736,0.99482,0.99580,0.99560,3
0.99658,0.99687,0.99619,0.99795,0.99511,0.99463,0.93786,0.47513,0.29624,0.31695,0.32770,0.33356,0.28754,0.31168,0.51021,0.45647,0.34011,0.47816,0.42267,0.79003,0.77782,0.82824,0.99560,0.99551,0.99609,0.99707,0.99834,0.99766,0.99746,0.99678,0.99814,0.99678,0.99658,0.99560,0.72203,0.74646,0.73444,0.72311,0.54831,0.59619,0.49663,0.48295,0.44084,0.38876,0.50777,0.35330,0.37186,0.44289,0.74646,0.65589,0.72174,0.70943,0.71402,0.67171,0.69565,0.66712,0.69849,0.70464,0.68100,0.66527,0.71568,0.76131,0.75281,0.60362,0.51187,0.52369,0.60918,0.64055,0.59257,0.69888,0.69673,0.72711,0.58632,0.46996,0.36258,0.58534,0.51470,0.53024,0.53942,0.58740,0.44397,0.67025,0.58691,0.99638,0.80391,0.99775,0.99814,0.99853,0.99736,0.99541,0.99756,0.99648,0.99678,0.99873,0.99580,0.99638,0.99570,0.99756,0.99805,0.99599,3
0.38212,0.31539,0.47553,0.52213,0.36317,0.58857,0.99766,0.99697,0.99668,0.99668,0.99678,0.99697,0.99560,0.99687,0.99746,0.99687,0.99814,0.99375,0.99658,0.99560,0.99648,0.99570,0.38681,0.41641,0.43381,0.99726,0.99795,0.99707,0.99570,0.99638,0.99824,0.99580,0.99570,0.99638,0.99726,0.99697,0.99687,0.99590,0.99531,0.99619,0.99580,0.99707,0.99736,0.99511,0.99805,0.99736,0.99785,0.99590,0.95955,0.65911,0.54245,0.59853,0.49663,0.50073,0.49849,0.49389,0.47113,0.50532,0.50620,0.51207,0.46351,0.50054,0.51148,0.53239,0.53434,0.52614,0.52438,0.52770,0.52877,0.61847,0.56248,0.48422,0.34988,0.35965,0.63683,0.65774,0.65765,0.73981,0.74753,0.74470,0.74568,0.77245,0.70415,0.60498,0.57733,0.70093,0.55857,0.62237,0.53639,0.49448,0.54988,0.68041,0.37596,0.34871,0.37040,0.39453,0.43000,0.36111,0.23947,0.30112,3
0.43996,0.45315,0.37782,0.42726,0.53679,0.84455,0.65100,0.98857,0.86605,0.77235,0.79101,0.85120,0.82912,0.74069,0.66585,0.99541,0.82247,0.67650,0.67152,0.69927,0.76561,0.74441,0.67142,0.71910,0.73796,0.46097,0.86830,0.59218,0.99668,0.99814,0.99648,0.99521,0.99531,0.69389,0.86224,0.67367,0.66575,0.73425,0.93073,0.69966,0.65813,0.66136,0.66106,0.70269,0.74460,0.99560,0.99726,0.99766,0.99619,0.99570,0.99668,0.99638,0.99805,0.99736,0.99775,0.99775,0.99726,0.99893,0.99717,0.99717,0.99746,0.99668,0.99707,0.99599,0.99707,0.99541,0.99551,0.67504,0.67445,0.68276,0.68530,0.69360,0.66048,0.66908,0.66937,0.68021,0.64377,0.65823,0.89360,0.68842,0.66859,0.68139,0.65852,0.65716,0.69213,0.68627,0.68520,0.70454,0.73190,0.69067,0.71412,0.66019,0.69888,0.69468,0.99629,0.99433,0.99404,0.99746,0.99863,0.99775,3
0.67318,0.67269,0.65940,0.65745,0.66605,0.67171,0.70357,0.72594,0.73317,0.73913,0.73903,0.73718,0.73923,0.73864,0.73415,0.73991,0.72272,0.72594,0.73239,0.72623,0.67298,0.68569,0.70366,0.70357,0.79355,0.99766,0.69555,0.68745,0.70523,0.63869,0.99238,0.99668,0.99404,0.99355,0.99717,0.99844,0.99746,0.99717,0.99619,0.99326,0.99472,0.99551,0.99609,0.99775,0.99267,0.99521,0.99678,0.99316,0.99599,0.99609,0.99580,0.99170,0.99590,0.99551,0.99531,0.99560,0.99746,0.99824,0.99756,0.99658,0.99619,0.99746,0.99775,0.99775,0.99746,0.99785,0.99629,0.99893,0.99814,0.99717,0.99746,0.99726,0.99814,0.99697,0.99736,0.99648,0.99492,0.99697,0.75144,0.49575,0.48862,0.51705,0.40889,0.45979,0.44094,0.51617,0.41583,0.45765,0.40840,0.47298,0.57763,0.61202,0.99678,0.99863,0.99736,0.99834,0.99726,0.99678,0.99570,0.99824,3
0.74704,0.74900,0.74753,0.74792,0.74607,0.74812,0.74802,0.74636,0.74665,0.74587,0.74783,0.74636,0.74802,0.74734,0.74929,0.75037,0.74783,0.74685,0.74831,0.74958,0.74978,0.74871,0.74949,0.74783,0.74763,0.75154,0.74880,0.74773,0.75017,0.75232,0.74968,0.74919,0.75213,0.75213,0.74949,0.75056,0.75193,0.71080,0.91891,0.99775,0.99805,0.99678,0.99853,0.99580,0.99853,0.99775,0.99717,0.99766,0.99756,0.99726,0.99678,0.99678,0.99766,0.99766,0.99814,0.99638,0.99834,0.99629,0.99726,0.99756,0.99805,0.99814,0.99638,0.99766,0.99531,0.99687,0.99766,0.99668,0.99648,0.99648,0.99609,0.45589,0.36307,0.39893,0.67963,0.74265,0.73483,0.73796,0.75056,0.74812,0.74890,0.75066,0.75134,0.74792,0.74958,0.74626,0.74577,0.74792,0.74675,0.74939,0.74998,0.75261,0.75085,0.75261,0.75203,0.75242,0.74998,0.74900,0.74744,0.74714,1
0.75154,0.74656,0.74763,0.74910,0.74577,0.74744,0.74558,0.74529,0.74587,0.74831,0.74724,0.74617,0.74636,0.74890,0.74910,0.74910,0.75799,0.76141,0.75554,0.75828,0.76004,0.75809,0.76014,0.75936,0.75672,0.75984,0.74841,0.74851,0.74919,0.74548,0.74665,0.75681,0.75769,0.74939,0.76463,0.74695,0.74929,0.74939,0.74695,0.75125,0.74910,0.74988,0.76131,0.75701,0.75154,0.99726,0.99687,0.99668,0.99717,0.99805,0.99814,0.99599,0.99580,0.99785,0.99707,0.99668,0.99668,0.99638,0.99717,0.99775,0.99775,0.99717,0.99844,0.99570,0.99492,0.39502,0.89878,0.34734,0.34597,0.40655,0.45950,0.47123,0.66048,0.65862,0.66419,0.63635,0.63918,0.66370,0.65638,0.66693,0.66742,0.68412,0.68442,0.65403,0.65452,0.66136,0.66820,0.65784,0.68510,0.68735,0.69028,0.69155,0.69331,0.69106,0.65882,0.67904,0.67787,0.67611,0.66556,0.67201,1
0.68725,0.68256,0.68481,0.68451,0.69301,0.68979,0.69067,0.68950,0.69096,0.68989,0.68969,0.69047,0.69194,0.68920,0.68969,0.68813,0.68940,0.68979,0.68930,0.69126,0.68842,0.69047,0.68950,0.69135,0.69047,0.69223,0.69086,0.68969,0.69135,0.68940,0.69047,0.69057,0.69086,0.69047,0.69194,0.69106,0.69253,0.69145,0.69184,0.69057,0.69321,0.69155,0.69116,0.69028,0.69057,0.69106,0.69018,0.69204,0.69350,0.68666,0.68266,0.68940,0.75398,0.71168,0.99795,0.99384,0.99707,0.99697,0.99863,0.99805,0.99805,0.99844,0.99893,0.99853,0.99658,0.99805,0.99746,0.99502,0.99658,0.91764,0.90376,0.88188,0.87767,0.86859,0.79795,0.62931,0.65227,0.41729,0.31822,0.33112,0.26214,0.29976,0.22022,0.23683,0.27377,0.26536,0.23683,0.23908,0.24250,0.22951,0.23635,0.23459,0.24074,0.23439,0.26224,0.26067,0.26234,0.26585,0.26556,0.26234,1
0.26976,0.26937,0.26898,0.26800,0.26702,0.26888,0.26888,0.26917,0.27201,0.26947,0.26937,0.27181,0.26878,0.26917,0.27298,0.26976,0.27064,0.27005,0.27181,0.27025,0.27259,0.27123,0.27035,0.27044,0.26908,0.27230,0.27162,0.27025,0.26966,0.26957,0.26781,0.26947,0.26996,0.26878,0.27162,0.27044,0.26712,0.22863,0.22462,0.31236,0.37323,0.74265,0.76786,0.99580,0.99726,0.99814,0.99658,0.99463,0.94577,0.92623,0.93229,0.92330,0.88832,0.90425,0.89399,0.90366,0.93024,0.91373,0.91148,0.90835,0.89897,0.87973,0.86683,0.80303,0.81192,0.52428,0.58466,0.38349,0.28969,0.23957,0.22452,0.24768,0.26048,0.25804,0.25403,0.19717,0.22325,0.23351,0.25139,0.25979,0.25393,0.26155,0.26204,0.26087,0.25784,0.26136,0.26312,0.26331,0.26214,0.26185,0.26146,0.25999,0.26038,0.26253,0.26263,0.26204,0.26497,0.26312,0.26390,0.26175,1
0.27084,0.27123,0.27230,0.27611,0.27631,0.27220,0.27328,0.27308,0.27455,0.27269,0.27181,0.27386,0.27396,0.27328,0.27191,0.27132,0.27386,0.27074,0.27318,0.27025,0.27386,0.27074,0.27084,0.26947,0.27093,0.27093,0.27250,0.27044,0.27250,0.27250,0.27113,0.27054,0.26839,0.27171,0.27113,0.27338,0.27367,0.26966,0.27084,0.26908,0.26878,0.27025,0.26917,0.27132,0.26917,0.26878,0.26869,0.26810,0.26888,0.26810,0.27054,0.26976,0.27250,0.26732,0.26683,0.27025,0.26742,0.26996,0.26771,0.26683,0.26800,0.27123,0.26790,0.26751,0.26742,0.26790,0.26722,0.26947,0.26986,0.26820,0.26273,0.29419,0.28002,0.44787,0.55994,0.99414,0.99824,0.99736,0.99511,0.99658,0.99707,0.99580,0.99619,0.99638,0.99541,0.99687,0.99404,0.99697,0.99463,0.99678,0.99795,0.99795,0.99619,0.99746,0.99609,0.99805,0.99658,0.99511,0.99707,0.99746,1
0.26224,0.26165,0.26067,0.26380,0.26243,0.26566,0.26106,0.26507,0.26751,0.26429,0.26478,0.26663,0.26527,0.26566,0.26839,0.26527,0.26644,0.26605,0.26419,0.26497,0.26448,0.26380,0.26419,0.26800,0.26507,0.26351,0.26566,0.26595,0.26869,0.26566,0.26790,0.26644,0.26732,0.26575,0.26771,0.26624,0.26888,0.26654,0.26663,0.26585,0.26605,0.26781,0.26683,0.26751,0.26683,0.26751,0.26673,0.26839,0.26878,0.26839,0.26781,0.26976,0.27103,0.26966,0.27250,0.26898,0.26751,0.27191,0.26996,0.26712,0.26683,0.26673,0.26898,0.26663,0.27191,0.26712,0.27054,0.27044,0.27113,0.27103,0.27113,0.27181,0.27015,0.27367,0.27084,0.27347,0.27084,0.27103,0.27084,0.27328,0.27543,0.27259,0.27406,0.27211,0.26947,0.27074,0.26732,0.26917,0.26781,0.26859,0.26957,0.27123,0.27230,0.27259,0.27211,0.27142,0.27308,0.27347,0.27259,0.27523,0
0.27504,0.27504,0.27631,0.27455,0.27631,0.27426,0.27621,0.27386,0.27592,0.27709,0.27670,0.27553,0.27611,0.27465,0.27347,0.27484,0.27465,0.27650,0.27494,0.27445,0.27308,0.27445,0.27240,0.27347,0.27719,0.27259,0.27220,0.27670,0.27465,0.27426,0.27445,0.27445,0.27504,0.27338,0.27455,0.27416,0.27396,0.27386,0.27298,0.27308,0.27347,0.27582,0.27347,0.27504,0.27553,0.27504,0.27406,0.27357,0.27582,0.27631,0.27474,0.27465,0.27347,0.27357,0.27465,0.27259,0.27308,0.27621,0.27621,0.27259,0.27269,0.27230,0.27357,0.27426,0.27367,0.27298,0.27298,0.27220,0.27357,0.27445,0.27553,0.27474,0.27416,0.27494,0.27445,0.27621,0.27259,0.27308,0.27171,0.27445,0.27093,0.27445,0.27553,0.27494,0.27357,0.27230,0.27533,0.27347,0.27435,0.27347,0.27494,0.27426,0.27650,0.27562,0.27426,0.27406,0.27621,0.27680,0.27553,0.27543,0
0.21280,0.23840,0.24064,0.22970,0.28598,0.21739,0.29829,0.33034,0.32066,0.26136,0.25794,0.29595,0.32399,0.40205,0.41641,0.44934,0.42628,0.45520,0.43908,0.41221,0.45706,0.44924,0.41182,0.39511,0.39365,0.36619,0.37733,0.35730,0.39072,0.43381,0.41182,0.45227,0.48363,0.76678,0.69438,0.85725,0.96336,0.98339,0.99668,0.99599,0.99218,0.99560,0.99785,0.99805,0.99726,0.99707,0.99560,0.99736,0.99824,0.99678,0.99844,0.99746,0.99814,0.99726,0.99424,0.99619,0.99619,0.99805,0.99766,0.99805,0.99687,0.99814,0.99453,0.99736,0.99463,0.99609,0.99756,0.99658,0.99687,0.99756,0.99658,0.99209,0.99316,0.99404,0.99257,0.99482,0.99599,0.99189,0.99863,0.65315,0.57225,0.62394,0.40576,0.34245,0.38476,0.34421,0.37186,0.37069,0.37313,0.39404,0.39218,0.37782,0.38359,0.35515,0.33014,0.36014,0.41124,0.39775,0.35936,0.38974,2
0.40899,0.40967,0.40791,0.40782,0.40879,0.40684,0.40498,0.40899,0.40752,0.40733,0.40616,0.40489,0.40479,0.40586,0.40489,0.40459,0.40244,0.40225,0.40449,0.40313,0.40528,0.40303,0.40029,0.40039,0.40244,0.40342,0.39629,0.34568,0.30747,0.36434,0.36434,0.36317,0.35955,0.36834,0.37509,0.37733,0.34577,0.37987,0.32995,0.35730,0.37684,0.37167,0.39101,0.33552,0.38056,0.38398,0.38642,0.38671,0.37167,0.36238,0.34548,0.34910,0.37010,0.46966,0.37391,0.40889,0.37684,0.43449,0.58163,0.72887,0.76610,0.80987,0.80244,0.75095,0.62091,0.69770,0.77049,0.79404,0.84231,0.81944,0.80899,0.81827,0.81974,0.82501,0.82687,0.84006,0.99844,0.99638,0.99795,0.99629,0.99668,0.99736,0.99775,0.99736,0.99883,0.99795,0.99766,0.99590,0.99687,0.99785,0.99697,0.99736,0.99814,0.99648,0.99619,0.99824,0.99599,0.99775,0.99687,0.99726,2
0.98837,0.98808,0.99062,0.99179,0.98984,0.98886,0.99101,0.98749,0.98837,0.98994,0.98544,0.99091,0.99013,0.98759,0.98525,0.94646,0.93659,0.95506,0.94431,0.95291,0.96053,0.96043,0.96356,0.96375,0.95799,0.95476,0.95603,0.95623,0.95222,0.93649,0.94548,0.94802,0.95095,0.93864,0.95056,0.94665,0.93327,0.91920,0.90445,0.98740,0.98544,0.98779,0.98554,0.98486,0.98222,0.98310,0.98505,0.98534,0.97919,0.97792,0.97831,0.95965,0.95359,0.95369,0.94910,0.98984,0.98964,0.99082,0.99150,0.99150,0.98994,0.98740,0.98476,0.97919,0.68490,0.55349,0.57675,0.76825,0.76160,0.82042,0.99863,0.83713,0.85843,0.94831,0.99404,0.99736,0.84993,0.74187,0.73591,0.70376,0.73444,0.74773,0.82472,0.78388,0.77313,0.77137,0.86116,0.84817,0.87338,0.88940,0.89106,0.89575,0.89272,0.88608,0.89057,0.89917,0.88950,0.88823,0.83527,0.77000,2
0.98769,0.99003,0.99170,0.99082,0.99052,0.99023,0.98837,0.98828,0.98964,0.99101,0.98867,0.99257,0.98818,0.98808,0.98798,0.99072,0.98632,0.98495,0.98652,0.98554,0.98867,0.98720,0.98779,0.98915,0.98749,0.98476,0.98652,0.98622,0.98847,0.98593,0.98613,0.98788,0.98798,0.98730,0.98593,0.98466,0.98867,0.98691,0.98466,0.98788,0.98945,0.98769,0.98613,0.98749,0.98984,0.98906,0.99140,0.98671,0.98818,0.98349,0.98779,0.98661,0.98935,0.98749,0.98593,0.21026,0.22736,0.35056,0.37548,0.41153,0.44309,0.48119,0.56971,0.54343,0.66761,0.81251,0.87308,0.89682,0.97958,0.87142,0.90171,0.89692,0.93503,0.96502,0.94646,0.96160,0.94245,0.82257,0.92203,0.83635,0.82697,0.84260,0.56942,0.79570,0.82042,0.86966,0.86263,0.86194,0.89819,0.89126,0.93278,0.88999,0.90865,0.91314,0.90874,0.89907,0.92135,0.93053,0.93659,0.93610,2
0.29946,0.36893,0.37479,0.37880,0.38114,0.38222,0.38300,0.37890,0.37860,0.38183,0.38163,0.37802,0.37665,0.37938,0.37851,0.37899,0.37733,0.37919,0.37753,0.37704,0.37636,0.37557,0.37665,0.37723,0.36414,0.35320,0.30366,0.28305,0.21778,0.23244,0.18837,0.13962,0.10151,0.21026,0.21104,0.24709,0.34773,0.18994,0.14519,0.46976,0.67582,0.65413,0.72135,0.74988,0.68295,0.81524,0.99814,0.99687,0.99521,0.99472,0.99570,0.70718,0.83810,0.85716,0.84006,0.77088,0.80791,0.79502,0.64993,0.61895,0.77460,0.62697,0.68842,0.79091,0.74704,0.73024,0.79257,0.80518,0.81837,0.87084,0.90357,0.88530,0.89272,0.90005,0.89702,0.90034,0.90230,0.90386,0.90630,0.90112,0.90122,0.89438,0.88774,0.87631,0.82667,0.74460,0.60762,0.39766,0.45520,0.95574,0.43381,0.39277,0.58378,0.32936,0.42345,0.10425,0.10357,0.09722,0.17938,0.16981,2
0.22540,0.22296,0.22325,0.22521,0.22394,0.22404,0.22550,0.22218,0.22325,0.22462,0.22579,0.22159,0.21983,0.21983,0.22032,0.22355,0.22306,0.22560,0.22267,0.22189,0.22120,0.21915,0.21944,0.22404,0.22267,0.22325,0.22130,0.21964,0.21944,0.21983,0.22003,0.22335,0.21788,0.21788,0.22120,0.21993,0.21935,0.22296,0.22189,0.22286,0.21876,0.21749,0.22110,0.22306,0.22208,0.22228,0.21280,0.21163,0.21309,0.21426,0.21925,0.22228,0.21153,0.21544,0.21299,0.21729,0.21436,0.21387,0.21641,0.22159,0.22140,0.21935,0.21778,0.21925,0.22149,0.21739,0.21808,0.21915,0.21964,0.21895,0.21739,0.21710,0.21974,0.22316,0.21817,0.21944,0.21905,0.21827,0.20997,0.21895,0.21944,0.21114,0.21622,0.21290,0.21358,0.21788,0.21094,0.21583,0.21075,0.21055,0.22052,0.22443,0.22140,0.22042,0.21798,0.21573,0.21661,0.22013,0.21739,0.22013,0
0.22267,0.22550,0.22355,0.22452,0.22716,0.22521,0.22677,0.22765,0.22970,0.22785,0.22570,0.22423,0.22394,0.22628,0.22589,0.22618,0.22638,0.22482,0.22609,0.22306,0.22472,0.22521,0.22609,0.22491,0.22736,0.22423,0.22570,0.22501,0.22374,0.22384,0.22208,0.22228,0.22462,0.22394,0.22325,0.22413,0.22550,0.22345,0.22267,0.22609,0.22491,0.22433,0.22589,0.22394,0.22296,0.22296,0.22374,0.22814,0.22413,0.22794,0.22433,0.22081,0.22101,0.22355,0.22120,0.22042,0.22599,0.22706,0.22638,0.22374,0.22462,0.22277,0.22267,0.22560,0.22091,0.21993,0.22501,0.22257,0.22335,0.22482,0.22482,0.22335,0.22306,0.22452,0.22237,0.22452,0.22237,0.22237,0.22433,0.22531,0.22364,0.22404,0.22491,0.22423,0.22472,0.22491,0.22658,0.22716,0.22697,0.22579,0.22951,0.22609,0.22531,0.22550,0.22745,0.22521,0.22433,0.22716,0.22394,0.22570,0
0.23312,0.22970,0.22980,0.23078,0.22912,0.23087,0.22941,0.23087,0.23097,0.22902,0.22745,0.22706,0.22618,0.22863,0.22765,0.22423,0.22579,0.22570,0.22570,0.22648,0.22912,0.22863,0.23146,0.22872,0.22550,0.22726,0.22824,0.22853,0.23117,0.23000,0.22531,0.22745,0.22472,0.22736,0.22775,0.22560,0.22433,0.22687,0.22540,0.22452,0.22560,0.22716,0.22404,0.22609,0.22745,0.22511,0.22589,0.22814,0.23058,0.22443,0.22433,0.22482,0.22589,0.22521,0.22570,0.22599,0.22697,0.22794,0.22755,0.22843,0.22706,0.22638,0.22687,0.22579,0.22824,0.22814,0.22716,0.22560,0.22628,0.22618,0.22794,0.22726,0.22804,0.22716,0.22824,0.22745,0.23058,0.23224,0.22697,0.22824,0.22902,0.22863,0.22980,0.22872,0.22912,0.22667,0.22960,0.22872,0.22872,0.22833,0.22912,0.22931,0.22833,0.22872,0.22814,0.22726,0.22970,0.22755,0.22775,0.22921,0
0.50337,0.50552,0.50532,0.50230,0.50513,0.50191,0.50200,0.50513,0.50523,0.50230,0.50581,0.50200,0.50210,0.46370,0.44465,0.43566,0.45296,0.46009,0.48481,0.40430,0.37255,0.33073,0.31226,0.37782,0.53473,0.53249,0.53620,0.51031,0.59082,0.60567,0.48041,0.49165,0.52604,0.52545,0.55711,0.48090,0.48012,0.73512,0.58974,0.64875,0.73288,0.76473,0.81290,0.86253,0.92574,0.93053,0.90611,0.98974,0.99287,0.98935,0.99394,0.98085,0.93757,0.99414,0.99629,0.99668,0.95916,0.92320,0.93718,0.93923,0.94089,0.93317,0.96688,0.99746,0.99746,0.99541,0.99629,0.99795,0.99629,0.99687,0.99785,0.99844,0.99824,0.99834,0.99648,0.99736,0.99766,0.99726,0.74861,0.79433,0.36492,0.86927,0.77479,0.65110,0.64700,0.66302,0.55789,0.51197,0.23429,0.08578,0.09692,0.08530,0.08745,0.09233,0.09145,0.09751,0.09428,0.09331,0.08657,0.09155,2
0.24436,0.24240,0.24621,0.23820,0.20313,0.19922,0.17733,0.26654,0.34480,0.34333,0.34695,0.36688,0.35984,0.35457,0.36434,0.35115,0.35603,0.24885,0.25178,0.20332,0.21739,0.12662,0.21329,0.17938,0.17792,0.23713,0.29936,0.37245,0.43996,0.50679,0.52281,0.46302,0.62540,0.55349,0.48403,0.61964,0.73434,0.68715,0.73034,0.76737,0.82814,0.85217,0.80664,0.82071,0.82697,0.86106,0.87035,0.85882,0.87181,0.87230,0.85403,0.83977,0.81837,0.81778,0.82091,0.83224,0.83000,0.81935,0.81671,0.81466,0.80997,0.82091,0.82618,0.83341,0.83478,0.83957,0.82990,0.82804,0.81729,0.82374,0.80645,0.80850,0.81241,0.80879,0.79482,0.79140,0.79160,0.66585,0.77391,0.46869,0.18828,0.22062,0.14968,0.20049,0.13317,0.15896,0.14099,0.18417,0.16258,0.13229,0.19082,0.16717,0.17821,0.16805,0.20303,0.23127,0.21534,0.17909,0.20430,0.16649,2
0.56424,0.46048,0.50220,0.48735,0.38065,0.41720,0.50269,0.51558,0.78495,0.80137,0.72360,0.81534,0.76649,0.77782,0.80234,0.79795,0.78349,0.79189,0.80635,0.85403,0.82638,0.84905,0.84025,0.84172,0.83693,0.82286,0.84446,0.84338,0.84504,0.84905,0.83732,0.84358,0.84426,0.84231,0.84504,0.84309,0.84123,0.81798,0.80234,0.77714,0.70093,0.63566,0.79551,0.87152,0.99726,0.99687,0.38134,0.22501,0.23039,0.20811,0.17919,0.17157,0.14968,0.17176,0.17880,0.23136,0.21954,0.21348,0.26839,0.29780,0.25628,0.26312,0.27416,0.27298,0.27738,0.26673,0.23273,0.24270,0.27054,0.26419,0.29751,0.29243,0.28627,0.34206,0.34636,0.29428,0.29565,0.27377,0.27836,0.26761,0.28666,0.26683,0.26380,0.28139,0.25979,0.28774,0.30513,0.32135,0.30024,0.30620,0.29624,0.30073,0.30572,0.29233,0.30337,0.29868,0.30347,0.33806,0.31373,0.29116,2
0.35623,0.37919,0.44670,0.41817,0.38720,0.43791,0.44758,0.44123,0.48950,0.52506,0.37782,0.40576,0.40557,0.44397,0.47728,0.47269,0.33815,0.35809,0.34069,0.38984,0.37157,0.32535,0.27054,0.26839,0.22306,0.24973,0.27142,0.36580,0.25325,0.22618,0.41964,0.28745,0.46986,0.26712,0.35046,0.55789,0.60694,0.27191,0.24846,0.22736,0.29858,0.31715,0.30581,0.31383,0.37352,0.32496,0.30318,0.34265,0.35486,0.37206,0.35291,0.34138,0.37831,0.39658,0.41026,0.47298,0.40215,0.30151,0.29135,0.32418,0.35105,0.35252,0.34685,0.32614,0.25471,0.25804,0.25696,0.28315,0.29575,0.40117,0.28041,0.26947,0.23078,0.26312,0.22531,0.14724,0.18398,0.19043,0.26878,0.29858,0.42198,0.46732,0.45139,0.48598,0.42032,0.33043,0.25042,0.24729,0.20586,0.25120,0.26742,0.25813,0.50894,0.54480,0.56619,0.57968,0.49780,0.49135,0.47093,0.38622,3
0.26878,0.32858,0.37704,0.34929,0.42277,0.38818,0.33053,0.43400,0.27934,0.40342,0.33346,0.34265,0.38740,0.31695,0.31959,0.28041,0.27484,0.27719,0.28461,0.20977,0.21866,0.22833,0.21495,0.23527,0.20234,0.21026,0.31607,0.53727,0.22482,0.21397,0.25765,0.19980,0.21368,0.23615,0.34001,0.34958,0.37567,0.29165,0.19932,0.16414,0.17147,0.13532,0.16502,0.22335,0.26400,0.20176,0.20801,0.22443,0.20215,0.27601,0.35203,0.33669,0.28012,0.29497,0.35134,0.31969,0.34275,0.29653,0.27377,0.33122,0.36805,0.26839,0.33581,0.31216,0.36698,0.29643,0.29516,0.46282,0.50269,0.50611,0.51255,0.48217,0.47934,0.48676,0.30620,0.37030,0.37059,0.31744,0.26742,0.26908,0.26087,0.26859,0.27611,0.27406,0.27181,0.20283,0.22697,0.26097,0.29419,0.44358,0.34998,0.30142,0.26859,0.24250,0.46058,0.56678,0.62286,0.39824,0.40616,0.44240,3
0.45745,0.47894,0.48090,0.61270,0.66966,0.63576,0.49077,0.54499,0.59101,0.51226,0.45872,0.52360,0.58447,0.61505,0.57616,0.52057,0.41788,0.53268,0.48735,0.45159,0.39033,0.36991,0.39922,0.42101,0.49976,0.50660,0.29634,0.35144,0.35652,0.35046,0.35105,0.36756,0.36610,0.38251,0.39932,0.39248,0.37802,0.35203,0.38701,0.29155,0.18319,0.25862,0.26536,0.31500,0.31070,0.26234,0.19736,0.20977,0.23058,0.20733,0.19775,0.31246,0.15213,0.43781,0.49477,0.28657,0.33620,0.23322,0.15711,0.20987,0.17333,0.20733,0.25471,0.22091,0.26830,0.27973,0.25237,0.27426,0.31089,0.32018,0.37430,0.48080,0.48715,0.61847,0.56903,0.60801,0.60821,0.56444,0.67015,0.72418,0.72750,0.61006,0.53258,0.36737,0.52662,0.49419,0.48832,0.44846,0.39384,0.43097,0.46878,0.49731,0.47318,0.39394,0.41251,0.41954,0.39013,0.36404,0.41671,0.40655,3
0.39345,0.32789,0.33112,0.32213,0.33268,0.31988,0.34939,0.33884,0.34998,0.33600,0.34822,0.34577,0.34128,0.31461,0.30005,0.58476,0.65784,0.60664,0.29067,0.29380,0.34714,0.26214,0.29624,0.29106,0.44944,0.33473,0.40205,0.41915,0.38271,0.59160,0.58564,0.48676,0.56053,0.48754,0.48236,0.50269,0.49741,0.39130,0.33620,0.31734,0.32750,0.32936,0.29311,0.28363,0.26214,0.30230,0.31207,0.30239,0.30064,0.30992,0.30708,0.30523,0.32281,0.31461,0.37030,0.35398,0.29712,0.29292,0.37323,0.39052,0.38398,0.34538,0.26556,0.33151,0.31001,0.28686,0.28227,0.25921,0.25911,0.24006,0.29878,0.29067,0.32369,0.24006,0.23879,0.21915,0.46116,0.25794,0.21495,0.20147,0.31822,0.46878,0.40918,0.32838,0.17430,0.19033,0.19844,0.16913,0.14450,0.15330,0.17059,0.24211,0.40830,0.39218,0.26488,0.46361,0.46839,0.34529,0.31724,0.46966,3
0.29292,0.27992,0.27807,0.29995,0.28002,0.25325,0.25530,0.28344,0.31549,0.30581,0.30005,0.27328,0.27738,0.28041,0.28793,0.28676,0.31216,0.29497,0.27445,0.31236,0.31021,0.40000,0.37538,0.29233,0.23908,0.22335,0.25706,0.25716,0.29428,0.27005,0.28451,0.32672,0.22482,0.27504,0.28324,0.25725,0.34734,0.35955,0.41290,0.41808,0.44348,0.42247,0.41895,0.39345,0.29682,0.17391,0.14235,0.22843,0.14929,0.31842,0.30660,0.54695,0.38876,0.23664,0.30230,0.34050,0.38261,0.40713,0.32643,0.36473,0.28950,0.31392,0.24485,0.25335,0.25335,0.24240,0.27894,0.26849,0.27816,0.27220,0.29477,0.26517,0.24494,0.24582,0.25002,0.27934,0.29849,0.28227,0.26683,0.29321,0.26312,0.27103,0.30503,0.34724,0.33718,0.37264,0.37655,0.29282,0.25276,0.25960,0.28969,0.24348,0.18349,0.22814,0.16473,0.28950,0.15613,0.21700,0.16121,0.20274,3
0.20889,0.20723,0.21094,0.20957,0.21241,0.20938,0.20645,0.20733,0.20713,0.20811,0.20977,0.20782,0.20791,0.20743,0.20987,0.20782,0.20909,0.20821,0.21045,0.20870,0.20684,0.20860,0.21016,0.20928,0.20967,0.21182,0.20762,0.20899,0.21163,0.20928,0.20918,0.21055,0.20938,0.20957,0.21153,0.21124,0.21153,0.20830,0.21143,0.21163,0.20870,0.20928,0.20909,0.20928,0.21075,0.20889,0.21114,0.20821,0.20928,0.20879,0.22316,0.80576,0.80938,0.77391,0.84895,0.83703,0.82003,0.88442,0.85159,0.88520,0.90288,0.84387,0.76492,0.74665,0.74734,0.56492,0.54245,0.62032,0.69634,0.72301,0.58759,0.42892,0.20703,0.20948,0.19853,0.19072,0.23078,0.22853,0.25950,0.23674,0.24328,0.23351,0.25559,0.24231,0.23996,0.25266,0.24377,0.22589,0.21944,0.20449,0.23664,0.24123,0.24973,0.25325,0.26497,0.25002,0.25256,0.25129,0.25325,0.25540,1
0.39893,0.40059,0.39922,0.40049,0.39941,0.40098,0.39961,0.39580,0.39580,0.39043,0.38554,0.39189,0.38935,0.38251,0.38437,0.38632,0.38319,0.38574,0.39101,0.38857,0.38857,0.37909,0.38065,0.34529,0.36668,0.38818,0.83791,0.82550,0.82658,0.84905,0.82091,0.88490,0.85647,0.83644,0.81085,0.83566,0.84055,0.84739,0.83068,0.81856,0.78886,0.77831,0.75574,0.66234,0.70200,0.48012,0.41866,0.23351,0.18241,0.30054,0.21700,0.20684,0.22071,0.16737,0.19912,0.18671,0.18779,0.18456,0.19130,0.19218,0.19805,0.20186,0.21085,0.21202,0.20498,0.20723,0.20889,0.20303,0.20313,0.20664,0.20586,0.19961,0.20528,0.20420,0.20723,0.20469,0.20694,0.20752,0.20401,0.20293,0.20557,0.20801,0.20528,0.20098,0.20176,0.20655,0.20264,0.20029,0.20156,0.19971,0.19990,0.19472,0.19990,0.19912,0.20547,0.20078,0.20117,0.20274,0.20645,0.20694,1
0.21085,0.21299,0.21016,0.21124,0.21026,0.21075,0.21094,0.20948,0.20997,0.21055,0.20889,0.20586,0.21172,0.21045,0.20850,0.20782,0.20635,0.20391,0.20518,0.20449,0.20674,0.20225,0.19951,0.18515,0.17792,0.54441,0.70034,0.57499,0.60322,0.57948,0.67748,0.69722,0.69438,0.68686,0.68813,0.65862,0.65970,0.60977,0.51637,0.48383,0.44446,0.45804,0.28188,0.31138,0.35056,0.43605,0.39971,0.39091,0.45511,0.33649,0.18740,0.21661,0.19003,0.16502,0.17714,0.19805,0.18964,0.16053,0.17548,0.19463,0.19922,0.19433,0.20029,0.20225,0.20283,0.20576,0.20107,0.20957,0.21436,0.21671,0.21348,0.21085,0.21426,0.20918,0.21456,0.21358,0.21397,0.21299,0.21378,0.21446,0.21290,0.21270,0.21270,0.21026,0.21202,0.21319,0.21124,0.21436,0.21641,0.21583,0.21514,0.21573,0.21544,0.21417,0.24172,0.24709,0.24475,0.24377,0.24094,0.24358,1
0.20909,0.72770,0.67386,0.83498,0.80987,0.84758,0.87416,0.85305,0.79355,0.76991,0.69809,0.66448,0.66888,0.71402,0.69243,0.64406,0.60713,0.62306,0.65002,0.59443,0.65804,0.54998,0.35926,0.46097,0.50708,0.55271,0.35252,0.25677,0.26155,0.17069,0.15906,0.22140,0.19844,0.21915,0.19160,0.20801,0.19648,0.19560,0.20840,0.19678,0.20088,0.28139,0.24553,0.21905,0.21593,0.21710,0.27865,0.29790,0.29057,0.28500,0.20401,0.20821,0.26605,0.28881,0.29585,0.29976,0.29663,0.29741,0.31128,0.30278,0.30024,0.29057,0.29067,0.28627,0.30503,0.30562,0.29770,0.30083,0.29692,0.28295,0.28559,0.28666,0.29311,0.29262,0.29419,0.29614,0.29292,0.28823,0.29907,0.29985,0.29976,0.29126,0.29966,0.30503,0.20469,0.16473,0.37489,0.90845,0.78603,0.77079,0.72174,0.57870,0.55564,0.24719,0.18065,0.18720,0.34978,0.12369,0.13669,0.19130,1
0.24182,0.24319,0.24319,0.24377,0.24113,0.24084,0.24143,0.24231,0.24240,0.24387,0.24377,0.24211,0.24035,0.24084,0.24260,0.24162,0.24231,0.24143,0.24113,0.24397,0.24387,0.24279,0.24533,0.24416,0.24123,0.24231,0.24231,0.24446,0.24133,0.24309,0.24358,0.24543,0.24406,0.24358,0.24563,0.24455,0.24436,0.24397,0.24485,0.24504,0.24319,0.24358,0.24338,0.24299,0.24172,0.24377,0.24201,0.24309,0.24172,0.24084,0.18876,0.50298,0.74831,0.99707,0.87797,0.89184,0.90640,0.90278,0.91910,0.87367,0.85911,0.86243,0.82364,0.85823,0.84231,0.85149,0.82658,0.79590,0.78925,0.77802,0.73063,0.50835,0.20606,0.23420,0.18359,0.25706,0.23420,0.28803,0.24748,0.27953,0.26185,0.27875,0.28070,0.30464,0.31891,0.32086,0.31285,0.29692,0.31793,0.32008,0.32057,0.31617,0.29595,0.31138,0.31080,0.30523,0.31265,0.31588,0.29780,0.30894,1
0.30943,0.31060,0.30835,0.31031,0.30904,0.31001,0.31099,0.31148,0.30777,0.30943,0.30992,0.31285,0.31197,0.31001,0.30982,0.30953,0.30992,0.30972,0.30982,0.30914,0.31119,0.31031,0.31099,0.30943,0.30982,0.30923,0.30982,0.31207,0.31109,0.31099,0.31050,0.31080,0.31324,0.31295,0.31177,0.31031,0.31099,0.28236,0.36619,0.38339,0.42609,0.31705,0.33444,0.35105,0.43136,0.54753,0.56160,0.52838,0.48363,0.39775,0.38280,0.60283,0.46976,0.52477,0.60821,0.55760,0.44954,0.41739,0.53219,0.37929,0.52027,0.72789,0.75037,0.77743,0.75388,0.76668,0.70699,0.63214,0.70728,0.79580,0.81426,0.87396,0.88158,0.87465,0.80821,0.84573,0.85667,0.86556,0.87357,0.88461,0.89350,0.88891,0.88705,0.88559,0.88266,0.88119,0.88266,0.88149,0.88080,0.87103,0.86185,0.84700,0.83019,0.77411,0.71383,0.61309,0.51715,0.93864,0.76639,0.19668,2
0.16854,0.16610,0.16678,0.16971,0.16346,0.16483,0.16248,0.16473,0.16375,0.16404,0.16580,0.16258,0.16082,0.16229,0.16268,0.16522,0.16258,0.16424,0.16492,0.16395,0.16346,0.16512,0.16336,0.16903,0.16561,0.16463,0.16727,0.17372,0.17079,0.16893,0.17108,0.17137,0.16903,0.16913,0.17030,0.17235,0.17450,0.17079,0.17108,0.17000,0.16952,0.17108,0.16913,0.16903,0.16375,0.16346,0.17518,0.30601,0.83498,0.99883,0.99775,0.99746,0.99609,0.99805,0.99785,0.99805,0.99678,0.99834,0.99658,0.99736,0.99726,0.99863,0.99697,0.99766,0.99726,0.99785,0.99638,0.99766,0.99814,0.70513,0.90269,0.99844,0.77186,0.91314,0.84231,0.94343,0.83703,0.83068,0.86136,0.83009,0.74910,0.85511,0.83586,0.84045,0.85159,0.85061,0.84787,0.83283,0.84182,0.85882,0.86370,0.85383,0.84963,0.84729,0.84768,0.84338,0.83898,0.82540,0.80479,0.76326,2
0.54675,0.54744,0.54958,0.55076,0.54900,0.55076,0.55007,0.55056,0.54783,0.54753,0.54949,0.55232,0.55310,0.55252,0.55721,0.55691,0.55740,0.55740,0.55818,0.55721,0.55975,0.55789,0.56072,0.55681,0.55721,0.55476,0.55750,0.55887,0.55525,0.55545,0.54890,0.59746,0.92076,0.81182,0.99795,0.99893,0.99736,0.99795,0.99795,0.99707,0.99795,0.99697,0.99599,0.99814,0.99521,0.99717,0.98886,0.99736,0.99775,0.99844,0.99726,0.99805,0.99648,0.99717,0.99814,0.99853,0.99619,0.99795,0.98603,0.99678,0.83302,0.82745,0.79638,0.80791,0.85051,0.84025,0.84406,0.99717,0.82882,0.77587,0.78241,0.80743,0.61661,0.77372,0.99805,0.99023,0.99678,0.99580,0.99668,0.99726,0.98163,0.85892,0.85081,0.85755,0.85569,0.85540,0.85589,0.85892,0.86409,0.86390,0.84025,0.86136,0.86224,0.86556,0.86067,0.85892,0.86155,0.86644,0.86038,0.86429,2
0.86370,0.86439,0.86185,0.86234,0.86302,0.86087,0.86224,0.86448,0.86273,0.86409,0.86067,0.86478,0.86292,0.86282,0.86361,0.86253,0.86146,0.86136,0.86390,0.86624,0.86478,0.86341,0.86722,0.86527,0.86468,0.86243,0.86761,0.86595,0.86693,0.86409,0.86585,0.86478,0.86224,0.86634,0.86341,0.86683,0.86497,0.86536,0.86722,0.86761,0.86439,0.86468,0.86478,0.86644,0.86849,0.86253,0.86439,0.86478,0.86693,0.86488,0.86429,0.86253,0.86468,0.86595,0.86712,0.86058,0.86165,0.86263,0.86439,0.86390,0.86507,0.86380,0.86146,0.86409,0.86390,0.86380,0.86419,0.86312,0.86390,0.86390,0.86321,0.86253,0.86390,0.86243,0.86458,0.86175,0.86497,0.86361,0.86536,0.86204,0.86165,0.86673,0.86400,0.86390,0.86351,0.86566,0.86224,0.86175,0.86419,0.86380,0.86243,0.86214,0.86331,0.86273,0.86331,0.86439,0.86361,0.86214,0.86185,0.86282,0
0.86536,0.86800,0.86234,0.86488,0.86644,0.86536,0.86595,0.86282,0.86146,0.86165,0.86400,0.86712,0.85921,0.86282,0.86556,0.86273,0.86351,0.86146,0.86214,0.86087,0.86400,0.86087,0.86400,0.86263,0.86380,0.86419,0.86400,0.86263,0.86302,0.86234,0.86067,0.86439,0.86546,0.86126,0.86165,0.86146,0.86448,0.86439,0.86263,0.86341,0.85892,0.86165,0.86214,0.86224,0.86126,0.86038,0.85794,0.85931,0.86019,0.86019,0.85667,0.85804,0.85970,0.85911,0.85706,0.85979,0.86097,0.86126,0.86380,0.86312,0.86038,0.86282,0.86009,0.86087,0.86048,0.85979,0.86361,0.86146,0.86341,0.86028,0.85940,0.86146,0.86243,0.86097,0.86165,0.86097,0.86155,0.86087,0.85999,0.86370,0.86273,0.86038,0.86097,0.86243,0.86155,0.86165,0.86282,0.85989,0.86302,0.86194,0.86341,0.86361,0.86429,0.86507,0.86126,0.86771,0.86136,0.86400,0.86312,0.86595,0
0.86302,0.86165,0.86175,0.86292,0.86331,0.86077,0.86390,0.86790,0.86214,0.86370,0.86302,0.86517,0.85950,0.86243,0.86126,0.86370,0.86146,0.86263,0.86175,0.86400,0.86458,0.86136,0.86175,0.85843,0.86155,0.86097,0.86380,0.86429,0.85999,0.86214,0.86341,0.86116,0.86302,0.86019,0.86292,0.86185,0.86302,0.86019,0.86087,0.85970,0.86165,0.86331,0.86234,0.86361,0.86077,0.86126,0.86390,0.86390,0.86273,0.86194,0.86165,0.86361,0.86009,0.86077,0.86126,0.86116,0.86175,0.85999,0.86224,0.86165,0.86155,0.86136,0.86224,0.86009,0.86146,0.86351,0.86146,0.86019,0.85950,0.85960,0.86224,0.86165,0.86028,0.86243,0.85960,0.85970,0.86292,0.86214,0.86341,0.86106,0.86116,0.86214,0.86253,0.86214,0.86097,0.85999,0.86165,0.86116,0.86253,0.86038,0.86331,0.85979,0.86175,0.86155,0.86126,0.86185,0.86321,0.86234,0.86106,0.86263,0
0.86126,0.86126,0.86409,0.86165,0.86058,0.86390,0.86409,0.86361,0.86331,0.86126,0.86370,0.86341,0.86400,0.86282,0.86468,0.86214,0.86087,0.85950,0.86585,0.86810,0.86605,0.86722,0.87084,0.86742,0.86820,0.86458,0.73981,0.64035,0.99717,0.99697,0.99863,0.78876,0.91851,0.99687,0.99746,0.99668,0.98642,0.92066,0.99599,0.99756,0.99033,0.99619,0.99599,0.89018,0.89438,0.89829,0.99560,0.99697,0.99668,0.99717,0.99726,0.99629,0.99824,0.99707,0.99658,0.99560,0.99707,0.99648,0.99775,0.99795,0.99844,0.99795,0.99824,0.99717,0.99687,0.99717,0.99766,0.99873,0.99707,0.99756,0.99795,0.99746,0.99883,0.99707,0.99756,0.99775,0.99648,0.99668,0.99785,0.99805,0.99805,0.99863,0.99638,0.96541,0.84377,0.75340,0.99912,0.98613,0.99160,0.99599,0.99785,0.99570,0.99746,0.99648,0.99756,0.99482,0.99531,0.99609,0.99541,0.99599,2
0.99775,0.99756,0.99726,0.99746,0.99766,0.99648,0.99726,0.99795,0.99511,0.99384,0.99590,0.99687,0.99863,0.99893,0.99668,0.99687,0.99707,0.99814,0.99775,0.99590,0.99697,0.99492,0.99687,0.99609,0.99668,0.99551,0.99707,0.99453,0.99658,0.99658,0.99658,0.99609,0.99736,0.99687,0.99560,0.99590,0.99511,0.99521,0.99590,0.99648,0.99834,0.99375,0.99756,0.99404,0.99746,0.99384,0.99521,0.99570,0.88520,0.85765,0.84895,0.85462,0.87269,0.86253,0.83996,0.78359,0.78153,0.92985,0.77518,0.99775,0.94656,0.96375,0.99853,0.99678,0.99814,0.99580,0.99726,0.99844,0.99648,0.99756,0.99775,0.99638,0.99844,0.99599,0.99775,0.99795,0.99785,0.99658,0.99678,0.99736,0.99638,0.99570,0.99678,0.99775,0.99883,0.99775,0.99717,0.99746,0.99814,0.99619,0.99697,0.99766,0.99717,0.99609,0.99824,0.99922,0.99697,0.99766,0.99912,0.99609,2
0.99873,0.99951,0.99932,0.99580,0.99912,0.99775,0.99697,0.99883,0.99609,0.99902,0.99893,0.99863,0.99511,0.99502,0.99775,0.99932,0.99805,0.99785,0.99619,0.99834,0.99726,0.99678,0.99814,0.99638,0.99873,0.99687,0.99609,0.99717,0.99746,0.99658,0.99511,0.99687,0.99541,0.99678,0.99531,0.98925,0.85833,0.92389,0.96170,0.94617,0.83781,0.84377,0.84563,0.75496,0.73542,0.69741,0.66663,0.76756,0.78065,0.74470,0.64319,0.73600,0.78652,0.82882,0.76610,0.99756,0.99814,0.99658,0.99756,0.99570,0.96893,0.86273,0.78300,0.79873,0.90327,0.93434,0.93679,0.95105,0.95418,0.95564,0.95398,0.95261,0.95867,0.95564,0.95945,0.95896,0.95818,0.95427,0.95486,0.95017,0.94968,0.94529,0.94275,0.94167,0.93151,0.91128,0.85178,0.79648,0.65383,0.97313,0.63771,0.82374,0.78290,0.48207,0.45804,0.84211,0.85794,0.83498,0.84397,0.84885,2
0.86536,0.86761,0.86234,0.86859,0.86488,0.86605,0.86859,0.86615,0.86771,0.86781,0.86488,0.86849,0.86546,0.86702,0.86742,0.86869,0.86556,0.86517,0.86488,0.86575,0.86634,0.86683,0.86400,0.86966,0.86917,0.86575,0.87093,0.86771,0.86996,0.86585,0.86575,0.86654,0.86585,0.86800,0.86595,0.86712,0.86878,0.86908,0.87162,0.87025,0.86790,0.86517,0.86497,0.86429,0.86702,0.86986,0.86839,0.86683,0.86331,0.86468,0.86507,0.86722,0.86673,0.86566,0.86712,0.86429,0.86644,0.86751,0.86722,0.86556,0.86654,0.86859,0.86527,0.86673,0.86517,0.86820,0.86478,0.86673,0.86830,0.86556,0.86810,0.86663,0.86644,0.86761,0.86468,0.86820,0.86400,0.86849,0.86429,0.87005,0.86683,0.86400,0.86878,0.86595,0.86849,0.86507,0.86341,0.86546,0.86556,0.86615,0.86321,0.86673,0.86605,0.86849,0.86947,0.87005,0.86341,0.86771,0.86556,0.86634,0
0.86605,0.86527,0.86673,0.86595,0.86556,0.86536,0.86546,0.86673,0.86331,0.86527,0.86497,0.86566,0.86380,0.86312,0.86497,0.86702,0.86595,0.86722,0.86888,0.86732,0.86351,0.86575,0.86683,0.86605,0.86615,0.86361,0.86722,0.86859,0.86702,0.86654,0.86712,0.86575,0.87044,0.86478,0.87044,0.86790,0.86781,0.86732,0.86722,0.86673,0.86566,0.86712,0.86751,0.86575,0.86830,0.86517,0.86761,0.86742,0.87113,0.86341,0.86419,0.86400,0.86644,0.86458,0.86595,0.86448,0.86742,0.86302,0.86820,0.86507,0.86898,0.86497,0.86751,0.86849,0.86488,0.86566,0.86781,0.86517,0.86663,0.86585,0.86351,0.86585,0.86546,0.86448,0.86380,0.86468,0.86575,0.86722,0.86839,0.86624,0.86683,0.86468,0.86380,0.86712,0.86341,0.86624,0.86292,0.86497,0.86468,0.86605,0.86439,0.86429,0.86370,0.86624,0.86458,0.86488,0.86409,0.86624,0.86214,0.86575,0
0.86624,0.86419,0.86575,0.86439,0.86458,0.86732,0.86683,0.86400,0.86234,0.86419,0.86448,0.86087,0.86380,0.86331,0.86536,0.86390,0.86243,0.86556,0.86282,0.86644,0.86722,0.86400,0.86615,0.86282,0.86361,0.86585,0.86429,0.86282,0.86234,0.86605,0.86341,0.86478,0.86448,0.86351,0.86409,0.86536,0.86478,0.86302,0.86263,0.86126,0.86351,0.86409,0.86536,0.86497,0.86478,0.86722,0.86556,0.86370,0.86849,0.86458,0.86224,0.86702,0.86751,0.86458,0.86282,0.86527,0.86390,0.86527,0.86380,0.86468,0.86761,0.86585,0.86204,0.86390,0.86331,0.86566,0.86302,0.86292,0.86683,0.86194,0.86234,0.86527,0.86468,0.86458,0.86585,0.86204,0.86312,0.86605,0.86556,0.86136,0.86468,0.86517,0.86497,0.86468,0.86116,0.86087,0.86527,0.86634,0.86234,0.86497,0.86771,0.86380,0.86243,0.86380,0.86409,0.86595,0.86644,0.86341,0.86253,0.86429,0
0.86517,0.86380,0.86536,0.85960,0.86468,0.86361,0.86400,0.86673,0.86331,0.86497,0.86341,0.86361,0.86341,0.86488,0.75750,0.49204,0.48315,0.60752,0.72350,0.70699,0.73981,0.76551,0.77782,0.77596,0.70396,0.67777,0.66898,0.74831,0.54792,0.66869,0.53806,0.73737,0.67787,0.36883,0.46028,0.23214,0.53249,0.38593,0.36727,0.37763,0.37049,0.42882,0.39658,0.36922,0.36893,0.39424,0.42970,0.46185,0.43977,0.42540,0.40362,0.38310,0.33952,0.43596,0.45638,0.26624,0.25442,0.24856,0.46527,0.68168,0.81202,0.79756,0.61553,0.72926,0.72731,0.70728,0.61641,0.58515,0.59267,0.68617,0.69800,0.68246,0.70552,0.70884,0.50855,0.25813,0.29292,0.32711,0.38974,0.66888,0.73190,0.78153,0.82179,0.76629,0.77157,0.81241,0.70787,0.88256,0.74343,0.70933,0.67572,0.57333,0.48168,0.54636,0.49155,0.46448,0.45520,0.43586,0.40391,0.37264,3
0.14978,0.15134,0.15291,0.15486,0.14216,0.15261,0.15398,0.15437,0.14275,0.14480,0.15437,0.15584,0.15281,0.15271,0.14675,0.14353,0.14167,0.14470,0.15007,0.15105,0.15076,0.14910,0.14802,0.14734,0.15222,0.15359,0.15203,0.15261,0.15457,0.16121,0.23625,0.23371,0.50191,0.55125,0.59863,0.60909,0.65315,0.58456,0.67465,0.76541,0.71549,0.67748,0.64201,0.66712,0.63312,0.67259,0.69673,0.70601,0.40430,0.55408,0.48403,0.52565,0.44045,0.39912,0.49575,0.45843,0.48315,0.51568,0.52106,0.54939,0.59003,0.59472,0.49575,0.43723,0.43498,0.49790,0.49702,0.52027,0.49468,0.49546,0.46282,0.44641,0.34626,0.35633,0.37108,0.37167,0.36414,0.33757,0.37782,0.48676,0.43332,0.39580,0.45784,0.35828,0.30572,0.35134,0.40391,0.27631,0.20186,0.30318,0.35721,0.22677,0.29292,0.42003,0.48021,0.44299,0.48657,0.50904,0.21417,0.35105,3
0.23703,0.19941,0.21690,0.23390,0.23742,0.51959,0.32096,0.37000,0.44993,0.55828,0.60342,0.53483,0.39443,0.37528,0.44797,0.44954,0.43283,0.46898,0.44924,0.44573,0.46292,0.61202,0.70542,0.70552,0.66077,0.41827,0.42423,0.56571,0.68061,0.67914,0.70552,0.69194,0.69096,0.59043,0.52926,0.34890,0.50747,0.35095,0.33884,0.33327,0.30855,0.22814,0.16150,0.21466,0.21397,0.20625,0.20303,0.22081,0.21798,0.22130,0.19638,0.21329,0.18828,0.20283,0.17235,0.14988,0.14831,0.15467,0.22218,0.19297,0.14675,0.17274,0.17997,0.17088,0.16492,0.19267,0.19961,0.20586,0.24152,0.21192,0.18212,0.16659,0.18779,0.23361,0.37000,0.24533,0.23068,0.24768,0.26986,0.30064,0.46654,0.38398,0.33083,0.29155,0.27152,0.42882,0.44866,0.40635,0.40997,0.41231,0.37509,0.30200,0.23166,0.22198,0.24348,0.25413,0.25364,0.28090,0.38759,0.39003,3
0.23527,0.24104,0.23771,0.23723,0.23302,0.21788,0.23107,0.22394,0.23615,0.25491,0.22032,0.21847,0.21231,0.21778,0.21534,0.21446,0.21251,0.20303,0.20870,0.19932,0.21456,0.23322,0.21895,0.21798,0.22824,0.21016,0.19355,0.17538,0.17929,0.18574,0.31754,0.33151,0.32066,0.38388,0.35203,0.30767,0.40098,0.62277,0.61808,0.64279,0.49829,0.55623,0.59043,0.86478,0.87836,0.87738,0.52907,0.87357,0.87953,0.93659,0.93854,0.93659,0.94235,0.94333,0.94919,0.95281,0.94802,0.94783,0.94685,0.94079,0.92946,0.92125,0.94304,0.93552,0.93972,0.94206,0.94890,0.95320,0.95848,0.96336,0.96707,0.97088,0.96844,0.97069,0.97215,0.96922,0.96512,0.96541,0.96707,0.96629,0.96766,0.96404,0.96922,0.96756,0.96922,0.96473,0.96746,0.96864,0.97020,0.96854,0.97372,0.97391,0.97255,0.96610,0.94519,0.94128,0.92242,0.97929,0.99697,0.46409,2
0.42902,0.43000,0.43087,0.43087,0.43312,0.42980,0.42628,0.42579,0.42169,0.42032,0.42755,0.42638,0.42452,0.42511,0.42394,0.42472,0.41778,0.42560,0.42726,0.42404,0.42697,0.42589,0.42697,0.42570,0.42257,0.42560,0.42550,0.42726,0.42091,0.42638,0.42648,0.43312,0.43068,0.42814,0.42853,0.42921,0.42433,0.42814,0.41710,0.41583,0.41583,0.38476,0.32096,0.31988,0.33913,0.38232,0.46175,0.44260,0.44768,0.45950,0.43019,0.99560,0.99902,0.99746,0.99746,0.99844,0.99785,0.99658,0.99766,0.79560,0.79072,0.90415,0.89829,0.99805,0.99668,0.99795,0.99629,0.99414,0.99560,0.99883,0.99863,0.99844,0.99873,0.99668,0.99756,0.99726,0.99717,0.99766,0.99687,0.99638,0.99756,0.99834,0.99844,0.99883,0.99668,0.99775,0.99736,0.99756,0.99756,0.99648,0.99883,0.99805,0.99922,0.93170,0.85413,0.99785,0.91500,0.99805,0.99853,0.99795,2
0.56180,0.56356,0.56248,0.56219,0.56238,0.56131,0.56199,0.56219,0.56404,0.56268,0.56180,0.56131,0.56102,0.56444,0.56229,0.56180,0.56277,0.56150,0.56131,0.56014,0.56111,0.56385,0.56268,0.56444,0.56317,0.56170,0.56629,0.56356,0.56287,0.56170,0.56326,0.56317,0.56375,0.56356,0.56063,0.56111,0.56346,0.56141,0.56121,0.56180,0.56365,0.56317,0.56004,0.56160,0.56444,0.56297,0.56375,0.56238,0.56229,0.56287,0.56238,0.56395,0.56277,0.56150,0.56277,0.56346,0.56248,0.56326,0.56180,0.56229,0.56102,0.56209,0.56229,0.56356,0.56219,0.56258,0.56532,0.56395,0.56356,0.56385,0.56258,0.56356,0.56229,0.56238,0.56102,0.56238,0.56248,0.56541,0.56121,0.56277,0.56063,0.56033,0.56336,0.56141,0.56180,0.56170,0.56141,0.56277,0.56209,0.56072,0.56297,0.56551,0.56209,0.56131,0.56111,0.55965,0.55594,0.55545,0.55300,0.55857,0
0.54128,0.54021,0.54470,0.54460,0.54167,0.54382,0.54773,0.54763,0.55398,0.55007,0.55173,0.54470,0.54558,0.54558,0.54470,0.54636,0.54157,0.54157,0.54402,0.54304,0.54069,0.54333,0.54089,0.54148,0.54529,0.54607,0.54460,0.54323,0.53757,0.53727,0.53854,0.54079,0.53894,0.54060,0.54060,0.54011,0.53952,0.54323,0.54255,0.54665,0.54538,0.54617,0.54587,0.54919,0.54919,0.54607,0.54538,0.54802,0.54714,0.54460,0.54597,0.54734,0.54577,0.54050,0.53356,0.53669,0.53620,0.53776,0.53630,0.53884,0.53942,0.53688,0.53552,0.53425,0.54255,0.54441,0.54284,0.54255,0.54382,0.54402,0.54255,0.53659,0.53454,0.53385,0.53434,0.53757,0.53493,0.53512,0.53454,0.53346,0.53356,0.53493,0.53434,0.53483,0.53415,0.53503,0.53796,0.53718,0.54343,0.54753,0.54851,0.54577,0.54529,0.54470,0.54255,0.54548,0.54499,0.54665,0.55427,0.55652,0
0.56512,0.56532,0.56404,0.56463,0.56561,0.56444,0.56522,0.56619,0.56678,0.56317,0.56502,0.56385,0.56395,0.56483,0.56571,0.56756,0.56492,0.56502,0.55427,0.49614,0.51558,0.56111,0.56063,0.56141,0.56688,0.57274,0.47592,0.48510,0.38574,0.38652,0.32164,0.48139,0.99785,0.99766,0.99687,0.99551,0.99570,0.99824,0.99834,0.99912,0.99805,0.99648,0.99805,0.99766,0.99717,0.99766,0.99824,0.99893,0.99785,0.99902,0.99853,0.99619,0.99814,0.99678,0.99521,0.99668,0.99638,0.82423,0.68315,0.91373,0.99648,0.97020,0.96600,0.96776,0.99863,0.99805,0.99873,0.99824,0.99853,0.99824,0.99756,0.99785,0.99766,0.99590,0.99902,0.99805,0.99795,0.99697,0.99795,0.99775,0.99834,0.99111,0.90767,0.85100,0.85325,0.99795,0.99424,0.85774,0.85002,0.91861,0.79951,0.77391,0.99502,0.99619,0.78319,0.99599,0.99863,0.35291,0.28315,0.28637,2
0.32311,0.32057,0.31627,0.31773,0.31637,0.31226,0.31627,0.23928,0.23117,0.21446,0.22062,0.22091,0.19785,0.22404,0.24358,0.23781,0.25110,0.26497,0.26106,0.20664,0.24524,0.45139,0.36492,0.54968,0.51295,0.56981,0.55906,0.58593,0.73806,0.75662,0.75369,0.81964,0.99658,0.99736,0.99668,0.99951,0.99785,0.99883,0.99756,0.99805,0.99785,0.99863,0.99746,0.99736,0.67162,0.76815,0.80948,0.79678,0.97938,0.99736,0.99844,0.99785,0.99707,0.99668,0.99746,0.99814,0.99736,0.99687,0.99805,0.99707,0.99590,0.99834,0.99590,0.99814,0.85042,0.85530,0.94255,0.99785,0.99834,0.98779,0.87494,0.87543,0.87338,0.86292,0.85911,0.87259,0.87308,0.85765,0.96571,0.99678,0.77069,0.92780,0.99746,0.53034,0.52135,0.49546,0.50464,0.49301,0.54187,0.51158,0.52242,0.51451,0.50562,0.49897,0.49927,0.50542,0.51001,0.51197,0.51285,0.51197,2
0.50689,0.50679,0.50572,0.50708,0.50435,0.50366,0.51080,0.51920,0.50269,0.50708,0.51597,0.51265,0.51568,0.51392,0.48784,0.60147,0.53454,0.64123,0.66849,0.68471,0.71666,0.68901,0.63840,0.63859,0.57684,0.67699,0.75027,0.78691,0.76610,0.80205,0.76258,0.78280,0.80743,0.83283,0.98319,0.99707,0.97362,0.81182,0.84582,0.81593,0.77596,0.84113,0.81944,0.70181,0.68500,0.66341,0.71304,0.69428,0.85940,0.99619,0.88080,0.98788,0.89399,0.96698,0.85735,0.75525,0.73854,0.75476,0.74284,0.74157,0.74138,0.73405,0.73884,0.72897,0.74128,0.74118,0.74509,0.73219,0.87279,0.99658,0.99463,0.68090,0.76873,0.67680,0.61339,0.56844,0.46820,0.45745,0.35037,0.38222,0.37010,0.35633,0.53903,0.56522,0.55740,0.61739,0.72135,0.71822,0.69702,0.62941,0.73083,0.66194,0.73229,0.76815,0.77049,0.77225,0.76854,0.77284,0.77137,0.77294,2
0.77313,0.76961,0.77000,0.77030,0.77157,0.76981,0.76922,0.76913,0.76893,0.76961,0.76971,0.76981,0.76991,0.77225,0.77049,0.77518,0.76903,0.76971,0.77186,0.77245,0.77010,0.77225,0.77010,0.77079,0.77049,0.77108,0.77215,0.76942,0.77030,0.77137,0.77049,0.77118,0.77088,0.77176,0.77333,0.76991,0.77030,0.76883,0.77030,0.77088,0.77167,0.76815,0.77098,0.77128,0.77215,0.68197,0.75994,0.39834,0.61329,0.51383,0.54128,0.53053,0.59961,0.61085,0.58984,0.59228,0.56033,0.64455,0.64963,0.62833,0.65120,0.77108,0.77333,0.80694,0.76883,0.75711,0.69223,0.53981,0.35213,0.28197,0.21475,0.19511,0.29126,0.25520,0.20166,0.17128,0.15642,0.17274,0.18808,0.18388,0.16571,0.16248,0.15398,0.16317,0.15633,0.15232,0.15076,0.16190,0.15887,0.16248,0.16522,0.16229,0.16150,0.16688,0.16727,0.16942,0.16717,0.16209,0.15955,0.15818,1
0.16795,0.16727,0.16580,0.16424,0.16688,0.16776,0.16727,0.16903,0.16258,0.16541,0.16541,0.16903,0.16786,0.16649,0.16502,0.16473,0.16610,0.16659,0.16160,0.16473,0.16561,0.16473,0.16649,0.16629,0.16913,0.16991,0.16952,0.16170,0.16141,0.16102,0.16072,0.16424,0.16580,0.16942,0.16541,0.16473,0.16844,0.16434,0.15545,0.18974,0.40029,0.61661,0.83967,0.83039,0.82804,0.87640,0.89106,0.87826,0.71812,0.77186,0.79883,0.78173,0.77714,0.65745,0.61827,0.65940,0.55877,0.49155,0.43371,0.28832,0.22443,0.16913,0.17821,0.26976,0.16141,0.10601,0.12066,0.13327,0.18437,0.19179,0.17899,0.18163,0.18300,0.19316,0.19531,0.20117,0.19912,0.19101,0.20420,0.19668,0.19980,0.19638,0.19482,0.20489,0.19619,0.19736,0.19775,0.19668,0.19384,0.19463,0.19971,0.19414,0.19433,0.19375,0.19287,0.18525,0.19306,0.19511,0.19404,0.19365,1
0.19824,0.19521,0.19521,0.19922,0.19648,0.19873,0.19795,0.20078,0.19707,0.19668,0.19795,0.19726,0.19795,0.19570,0.19511,0.19785,0.19902,0.20029,0.19492,0.19326,0.19160,0.19365,0.19082,0.18847,0.18798,0.19003,0.18798,0.18955,0.19013,0.19003,0.18994,0.19023,0.18935,0.18896,0.18945,0.18964,0.18583,0.18505,0.18632,0.18564,0.18534,0.18710,0.18339,0.18476,0.18632,0.20332,0.70161,0.77059,0.72154,0.74919,0.85530,0.87611,0.89370,0.89350,0.87875,0.87953,0.88139,0.88520,0.88911,0.88383,0.88647,0.86429,0.82198,0.69018,0.18007,0.19795,0.38691,0.12682,0.20264,0.12145,0.13884,0.16825,0.16356,0.14929,0.14568,0.14128,0.17655,0.19560,0.19218,0.20127,0.19951,0.17968,0.18876,0.18828,0.19502,0.18798,0.18447,0.17714,0.17655,0.17851,0.17880,0.18486,0.18065,0.17557,0.17948,0.18652,0.19424,0.19746,0.19902,0.19521,1
0.20000,0.20264,0.20254,0.20332,0.20469,0.20098,0.20127,0.19814,0.19638,0.19599,0.19482,0.20000,0.19922,0.20068,0.20362,0.20313,0.20254,0.20459,0.20362,0.20283,0.20313,0.19531,0.19277,0.18984,0.19355,0.19267,0.18691,0.18437,0.18613,0.18300,0.18417,0.18652,0.19336,0.19140,0.19238,0.19199,0.19091,0.19248,0.19599,0.19463,0.19511,0.19883,0.20215,0.20225,0.19853,0.20576,0.20410,0.20459,0.20567,0.20870,0.20635,0.20567,0.31197,0.80479,0.93649,0.90161,0.92535,0.94372,0.93298,0.93278,0.93004,0.92496,0.89165,0.86361,0.78544,0.74587,0.70005,0.67455,0.65540,0.59511,0.45667,0.41231,0.32272,0.21368,0.20127,0.15261,0.20967,0.16053,0.20997,0.21612,0.21143,0.19912,0.18534,0.20283,0.20293,0.21593,0.21221,0.21641,0.21544,0.21358,0.22335,0.22013,0.21602,0.21016,0.21329,0.21720,0.21847,0.22042,0.22491,0.22345,1
0.21446,0.21641,0.21808,0.21778,0.21700,0.21632,0.21661,0.21583,0.21915,0.21749,0.21729,0.22110,0.21798,0.22071,0.21749,0.21837,0.21690,0.21553,0.21524,0.21808,0.21778,0.21573,0.22013,0.22003,0.22052,0.21759,0.21778,0.21514,0.22159,0.21739,0.22062,0.21935,0.21954,0.22003,0.21954,0.22081,0.22316,0.22443,0.22491,0.22052,0.22560,0.22257,0.22091,0.22198,0.21905,0.21553,0.21016,0.21094,0.21202,0.21368,0.21260,0.21299,0.21681,0.21856,0.22159,0.22091,0.22130,0.22296,0.22149,0.22394,0.22277,0.22423,0.22501,0.22189,0.22052,0.21739,0.21485,0.21309,0.21553,0.29077,0.90278,0.99785,0.93639,0.93981,0.95203,0.95105,0.95398,0.94900,0.94157,0.93718,0.93679,0.93737,0.94099,0.93092,0.91783,0.88803,0.74568,0.75252,0.23566,0.26830,0.35095,0.35564,0.17450,0.17831,0.20743,0.21915,0.21036,0.20948,0.24260,0.20410,1
0.49780,0.45657,0.67601,0.68109,0.54656,0.38466,0.36238,0.47787,0.32887,0.28295,0.24993,0.21886,0.22980,0.27015,0.26243,0.25139,0.24455,0.22267,0.20137,0.28041,0.21964,0.29419,0.32848,0.26390,0.22325,0.25247,0.26136,0.29419,0.27211,0.27816,0.24983,0.31715,0.28412,0.20401,0.23615,0.19961,0.15261,0.16688,0.31637,0.49409,0.27171,0.50474,0.37128,0.57675,0.70660,0.70757,0.73591,0.60948,0.55867,0.55848,0.55838,0.43410,0.32633,0.38613,0.61876,0.99140,0.92487,0.99238,0.98867,0.85804,0.83351,0.87211,0.99590,0.99844,0.81485,0.79746,0.72301,0.61446,0.69028,0.30962,0.21944,0.19443,0.25843,0.19199,0.16492,0.17851,0.20381,0.20283,0.20254,0.20401,0.25950,0.22882,0.22159,0.19551,0.21114,0.22589,0.19853,0.17831,0.36571,0.33122,0.52281,0.34157,0.46419,0.48295,0.49243,0.39775,0.17655,0.15730,0.20840,0.23185,3
0.70777,0.68793,0.76961,0.63009,0.57274,0.72916,0.70630,0.52946,0.49038,0.34245,0.37206,0.23136,0.30435,0.23019,0.40430,0.31969,0.12965,0.31724,0.20088,0.17548,0.25921,0.28774,0.25286,0.25286,0.21299,0.22169,0.23596,0.28891,0.27816,0.31549,0.21583,0.19482,0.21329,0.60703,0.21514,0.33063,0.35691,0.32975,0.42775,0.33454,0.25471,0.56619,0.60635,0.70503,0.72135,0.70562,0.53425,0.54138,0.59814,0.58271,0.51891,0.41895,0.50953,0.47943,0.59306,0.57802,0.63517,0.61426,0.62062,0.48403,0.46957,0.46458,0.46947,0.46155,0.47543,0.47728,0.47875,0.49389,0.48285,0.20352,0.23439,0.18339,0.17020,0.19248,0.74255,0.77167,0.50103,0.37460,0.24915,0.12702,0.32008,0.25383,0.29448,0.34382,0.26790,0.25618,0.60381,0.52897,0.60723,0.65999,0.69380,0.46605,0.40743,0.36014,0.38906,0.32281,0.27162,0.27592,0.22013,0.15730,3
0.32320,0.34968,0.35633,0.39257,0.32653,0.31773,0.29946,0.30435,0.36805,0.47992,0.41690,0.38574,0.37645,0.53512,0.46175,0.37020,0.36981,0.56160,0.63791,0.62618,0.64309,0.66087,0.70308,0.66361,0.66253,0.63605,0.66927,0.67259,0.70425,0.57860,0.63508,0.59111,0.62609,0.75330,0.74792,0.75476,0.73659,0.77841,0.75965,0.77675,0.78515,0.68832,0.72145,0.75994,0.67875,0.67250,0.55310,0.53229,0.63830,0.67338,0.62306,0.43947,0.43420,0.53180,0.51578,0.56102,0.49809,0.47416,0.48774,0.52223,0.45989,0.41837,0.46370,0.36063,0.34841,0.28305,0.37684,0.37030,0.43547,0.32750,0.40596,0.44553,0.46830,0.48950,0.44533,0.41583,0.46497,0.52565,0.58417,0.50513,0.47289,0.60381,0.42716,0.48764,0.37264,0.38153,0.33698,0.39560,0.28891,0.27963,0.33415,0.42589,0.40274,0.38984,0.32213,0.31627,0.34489,0.42169,0.43918,0.61553,3
0.33630,0.32125,0.34939,0.33053,0.33757,0.39336,0.39922,0.33131,0.36356,0.41426,0.38202,0.41358,0.34646,0.37694,0.36346,0.35594,0.33444,0.25413,0.58798,0.47894,0.41006,0.51490,0.65481,0.57255,0.49253,0.54089,0.57421,0.61505,0.59424,0.66282,0.73425,0.74187,0.70044,0.63771,0.66067,0.58241,0.63713,0.64670,0.69253,0.68872,0.75330,0.77333,0.83293,0.74949,0.70161,0.75623,0.58026,0.66321,0.64397,0.59599,0.61085,0.52877,0.52350,0.51881,0.51099,0.49682,0.43449,0.30327,0.32408,0.32438,0.40879,0.40557,0.37645,0.39961,0.36932,0.39218,0.36190,0.37313,0.39775,0.33884,0.37821,0.37831,0.38632,0.38730,0.36864,0.35681,0.33708,0.35975,0.26224,0.32623,0.35535,0.36365,0.41632,0.39209,0.44533,0.32574,0.42130,0.56522,0.56727,0.52574,0.41905,0.49702,0.55388,0.56053,0.69526,0.68784,0.80557,0.75838,0.73552,0.68285,3
0.36600,0.34617,0.48696,0.34226,0.48686,0.61280,0.50396,0.68959,0.66771,0.38251,0.45833,0.38202,0.59189,0.52887,0.62482,0.62951,0.57020,0.52272,0.39277,0.31050,0.31060,0.35242,0.31793,0.48559,0.52877,0.57040,0.58984,0.72233,0.87836,0.97440,0.98095,0.97421,0.96522,0.94489,0.98613,0.99140,0.98847,0.98867,0.98847,0.70679,0.94519,0.93766,0.93796,0.97997,0.97264,0.99433,0.99345,0.87123,0.37284,0.25247,0.26048,0.21426,0.24406,0.28188,0.24905,0.25237,0.24846,0.26624,0.28412,0.27875,0.30728,0.25110,0.25198,0.26849,0.20547,0.19238,0.16834,0.23859,0.23576,0.27230,0.25462,0.23771,0.26175,0.28481,0.28500,0.27875,0.28657,0.28578,0.33327,0.32233,0.32213,0.31988,0.28217,0.27572,0.33591,0.39941,0.62531,0.54900,0.41915,0.56727,0.54206,0.46986,0.51431,0.54314,0.52731,0.60684,0.44924,0.40020,0.52956,0.44035,3
0.23732,0.23654,0.23723,0.23986,0.23840,0.23879,0.23820,0.23996,0.23889,0.23908,0.23723,0.24143,0.24172,0.24133,0.24055,0.23840,0.23732,0.23713,0.23859,0.23576,0.23459,0.23468,0.23556,0.23586,0.23537,0.23459,0.23547,0.23556,0.23361,0.23517,0.23488,0.23508,0.24221,0.23908,0.23351,0.22374,0.20694,0.21085,0.18759,0.21612,0.20811,0.27289,0.21114,0.22579,0.23019,0.23635,0.22960,0.26634,0.41974,0.61475,0.58085,0.60909,0.68002,0.69204,0.68608,0.69995,0.68705,0.73737,0.75408,0.79091,0.72750,0.76688,0.76571,0.84944,0.84533,0.88246,0.86009,0.85491,0.97948,0.81886,0.82706,0.86077,0.88403,0.88070,0.90357,0.97528,0.95613,0.88725,0.95887,0.93747,0.91314,0.89223,0.90230,0.96277,0.91236,0.91363,0.92203,0.98828,0.91255,0.91373,0.91138,0.95476,0.99551,0.98740,0.99629,0.95613,0.89018,0.94206,0.93923,0.91803,2
0.34089,0.34362,0.34275,0.34167,0.35105,0.34167,0.34206,0.35046,0.34265,0.34167,0.36776,0.34275,0.35750,0.35652,0.35554,0.34460,0.34216,0.34099,0.34216,0.35564,0.36150,0.32340,0.29761,0.25208,0.24719,0.26937,0.18867,0.18769,0.23283,0.25520,0.29692,0.32555,0.31050,0.34255,0.38935,0.47719,0.55975,0.55447,0.65364,0.48813,0.44817,0.63820,0.68530,0.71715,0.84465,0.99717,0.87943,0.99687,0.98144,0.95193,0.99766,0.99785,0.99785,0.99619,0.99599,0.99687,0.99726,0.99736,0.99736,0.99424,0.99863,0.99756,0.99658,0.99697,0.99893,0.99746,0.99560,0.99834,0.99893,0.99687,0.99726,0.99648,0.99590,0.99658,0.99824,0.99766,0.99580,0.99834,0.99668,0.99629,0.99746,0.99648,0.99697,0.99678,0.99805,0.99707,0.99717,0.99736,0.99785,0.99736,0.99746,0.99746,0.99560,0.99629,0.99541,0.99638,0.99853,0.99775,0.99717,0.99638,2
0.99795,0.99687,0.99814,0.99834,0.99560,0.99746,0.99795,0.99805,0.99619,0.99629,0.99551,0.99844,0.99687,0.99824,0.99756,0.99619,0.99746,0.99893,0.99775,0.99814,0.99824,0.99580,0.99775,0.99726,0.99638,0.99502,0.99560,0.99570,0.99609,0.99394,0.99453,0.99590,0.99717,0.99658,0.99814,0.99717,0.99853,0.99687,0.99785,0.99853,0.99678,0.99482,0.99707,0.99658,0.99726,0.99658,0.99648,0.99707,0.99570,0.99678,0.99814,0.99775,0.99697,0.99756,0.99648,0.99756,0.99756,0.99697,0.99511,0.99648,0.99775,0.99717,0.99560,0.99736,0.99678,0.99482,0.99775,0.99668,0.99726,0.99726,0.99668,0.99560,0.99766,0.99726,0.99619,0.99756,0.99472,0.99863,0.99805,0.99756,0.99717,0.99726,0.99619,0.99580,0.99531,0.99893,0.99707,0.99736,0.99629,0.99824,0.99756,0.99629,0.99795,0.99805,0.99736,0.99629,0.99756,0.99746,0.99736,0.99697,0
0.99785,0.99648,0.99687,0.99834,0.99775,0.99717,0.99912,0.99736,0.99609,0.99726,0.99717,0.99775,0.99736,0.99678,0.99824,0.99756,0.99668,0.99629,0.99775,0.99746,0.99668,0.99648,0.99775,0.99726,0.99658,0.99638,0.99502,0.99717,0.99766,0.99638,0.99893,0.99687,0.99756,0.99717,0.99580,0.99697,0.99785,0.99638,0.99717,0.99580,0.99726,0.99746,0.99648,0.99824,0.99726,0.99726,0.99443,0.99648,0.99834,0.99795,0.99697,0.99766,0.99736,0.99932,0.99580,0.99805,0.99726,0.99785,0.99570,0.99775,0.99814,0.99560,0.99629,0.99795,0.99785,0.99766,0.99785,0.99824,0.99316,0.99678,0.99707,0.99707,0.99599,0.99511,0.99775,0.99726,0.99599,0.99590,0.99668,0.99814,0.99678,0.99658,0.99726,0.99629,0.99697,0.99795,0.99746,0.99726,0.99668,0.99766,0.99609,0.99736,0.99834,0.99775,0.99658,0.99560,0.99619,0.99648,0.99717,0.99638,0
0.99805,0.99795,0.99824,0.99834,0.99629,0.99726,0.99463,0.99717,0.99638,0.99736,0.99785,0.99785,0.99638,0.99697,0.99619,0.99668,0.99795,0.99668,0.99873,0.99697,0.99717,0.99648,0.99717,0.99736,0.99580,0.99707,0.99707,0.99678,0.99707,0.99629,0.99570,0.99531,0.99580,0.99736,0.99590,0.99707,0.99814,0.99678,0.99746,0.99814,0.99795,0.99746,0.99746,0.99638,0.99619,0.99697,0.99756,0.99746,0.99853,0.99785,0.99834,0.99814,0.99482,0.99619,0.99472,0.99873,0.99795,0.99756,0.99551,0.99726,0.99648,0.99551,0.99443,0.99766,0.99668,0.99687,0.99638,0.99717,0.99814,0.99795,0.99824,0.99766,0.99902,0.99775,0.99668,0.99687,0.99658,0.99883,0.99775,0.99726,0.99648,0.99697,0.99805,0.99609,0.99521,0.99678,0.99795,0.99893,0.99482,0.99521,0.99766,0.99834,0.99717,0.99746,0.99756,0.99658,0.99756,0.99746,0.99775,0.99629,0
0.99834,0.99805,0.99775,0.99853,0.99795,0.99853,0.99687,0.99805,0.99912,0.99766,0.99463,0.99687,0.99687,0.99668,0.99638,0.99678,0.99609,0.99521,0.99736,0.99629,0.99697,0.99678,0.99521,0.99697,0.99756,0.99756,0.99678,0.99648,0.99726,0.99746,0.99805,0.99805,0.99658,0.99619,0.99531,0.99746,0.99844,0.99853,0.99638,0.99844,0.99502,0.99746,0.99394,0.99795,0.99717,0.99785,0.99629,0.99785,0.99746,0.99844,0.99648,0.99697,0.99912,0.99814,0.99775,0.99873,0.99893,0.99551,0.99648,0.99687,0.99805,0.99814,0.99648,0.99531,0.99736,0.99707,0.99883,0.99560,0.99687,0.99726,0.99814,0.99658,0.99521,0.99736,0.99746,0.99648,0.99726,0.99648,0.99805,0.99658,0.99678,0.99511,0.99775,0.99726,0.99570,0.99766,0.99736,0.99629,0.99805,0.99726,0.99717,0.99648,0.99756,0.99717,0.99785,0.99883,0.99619,0.99668,0.99570,0.99814,0
0.99472,0.99619,0.99805,0.99453,0.99893,0.99853,0.99599,0.99805,0.99609,0.99560,0.99785,0.99580,0.99560,0.99746,0.99756,0.99932,0.99766,0.99560,0.99599,0.99756,0.99424,0.99648,0.99814,0.99638,0.99619,0.99580,0.99824,0.99433,0.99717,0.99853,0.99785,0.99775,0.99795,0.99775,0.99824,0.99648,0.99746,0.99814,0.99824,0.99873,0.99746,0.99424,0.99726,0.99590,0.99619,0.99687,0.99785,0.99844,0.99521,0.99599,0.99609,0.99619,0.99717,0.99805,0.99658,0.99844,0.99805,0.99717,0.99629,0.99707,0.99717,0.99697,0.99599,0.99766,0.99697,0.99580,0.99775,0.99883,0.99785,0.99511,0.99814,0.99785,0.99746,0.99814,0.99678,0.99687,0.99736,0.99717,0.99678,0.99726,0.99658,0.99883,0.99687,0.99824,0.99678,0.99766,0.99834,0.99707,0.99775,0.99560,0.99482,0.99766,0.99766,0.99678,0.99580,0.99717,0.99814,0.99766,0.99609,0.99678,0
0.99853,0.99687,0.99687,0.99511,0.99824,0.99893,0.99922,0.99844,0.99648,0.99638,0.99814,0.99629,0.99746,0.99726,0.99717,0.99863,0.99687,0.99766,0.99746,0.99629,0.99648,0.99570,0.99668,0.99707,0.99814,0.99766,0.99746,0.99551,0.99717,0.99531,0.60909,0.54617,0.60977,0.42374,0.45628,0.46771,0.44612,0.38818,0.45432,0.60918,0.32477,0.36922,0.32789,0.32692,0.32868,0.30142,0.22042,0.39707,0.44827,0.69604,0.31734,0.30650,0.34910,0.43625,0.25354,0.62013,0.49995,0.94362,0.99062,0.99805,0.99375,0.99805,0.99590,0.99697,0.99834,0.99678,0.99785,0.99824,0.99756,0.99853,0.99756,0.99638,0.99580,0.99394,0.99853,0.99863,0.99619,0.99717,0.99629,0.99687,0.99736,0.99707,0.99609,0.99638,0.99492,0.99492,0.99736,0.99775,0.99599,0.48256,0.47328,0.73473,0.60586,0.71236,0.25530,0.28608,0.67553,0.51568,0.33073,0.49086,3
0.19912,0.21094,0.22745,0.24553,0.25403,0.99521,0.99697,0.99551,0.99502,0.99619,0.99580,0.99482,0.99609,0.99736,0.99756,0.99590,0.99687,0.99580,0.99658,0.99502,0.99511,0.89897,0.99541,0.99746,0.99492,0.99707,0.99795,0.99629,0.99805,0.99678,0.99580,0.99678,0.99775,0.99697,0.99629,0.99746,0.99590,0.99697,0.99560,0.99551,0.99629,0.99785,0.99893,0.99863,0.99941,0.99912,0.99629,0.99766,0.99697,0.99726,0.66214,0.57997,0.58124,0.41475,0.44221,0.41016,0.31021,0.33503,0.34998,0.32995,0.42228,0.37294,0.33083,0.34753,0.34548,0.37040,0.36815,0.35906,0.38095,0.99805,0.99648,0.99775,0.99756,0.99531,0.99746,0.98290,0.99668,0.43214,0.70132,0.59463,0.52291,0.99726,0.99707,0.99619,0.99384,0.99629,0.81593,0.99775,0.99629,0.99404,0.99560,0.99668,0.99726,0.99590,0.99697,0.61553,0.14890,0.18798,0.11597,0.12526,3
0.42765,0.78114,0.99814,0.99726,0.99766,0.99805,0.99678,0.99834,0.99365,0.99795,0.64270,0.16688,0.14675,0.19257,0.20655,0.19902,0.20137,0.17245,0.45921,0.54851,0.62404,0.67650,0.50396,0.52301,0.73425,0.99717,0.99658,0.99560,0.99658,0.99658,0.99687,0.66146,0.60205,0.51295,0.60948,0.62814,0.63810,0.73962,0.72877,0.72125,0.68647,0.69985,0.71402,0.72262,0.72535,0.99619,0.99609,0.99531,0.99844,0.99482,0.99619,0.99101,0.99590,0.99668,0.99726,0.99629,0.99287,0.99629,0.99668,0.99521,0.99394,0.99619,0.99707,0.99648,0.99678,0.99687,0.99580,0.99619,0.99638,0.99707,0.34489,0.29565,0.47005,0.48119,0.46869,0.21212,0.25550,0.17831,0.12741,0.11754,0.17870,0.42325,0.99629,0.99570,0.99726,0.99726,0.99697,0.99678,0.99648,0.99511,0.64455,0.60401,0.62609,0.62452,0.68920,0.51431,0.52692,0.53796,0.45784,0.34734,3
0.66282,0.66038,0.66106,0.66175,0.66077,0.65970,0.66634,0.65852,0.65901,0.65911,0.65843,0.65706,0.65940,0.66175,0.66077,0.66048,0.65911,0.66312,0.66175,0.65882,0.66087,0.66224,0.66009,0.65921,0.66126,0.66048,0.65970,0.65901,0.65862,0.65804,0.65911,0.65921,0.65940,0.66155,0.65901,0.66224,0.66097,0.65921,0.65999,0.66058,0.66282,0.66126,0.66038,0.66175,0.66194,0.65999,0.66087,0.66009,0.65950,0.66234,0.65960,0.66067,0.65813,0.65755,0.65862,0.65979,0.66224,0.66155,0.66097,0.65872,0.66800,0.18681,0.52496,0.99297,0.99638,0.99873,0.99687,0.99336,0.99726,0.99736,0.99834,0.83283,0.77284,0.75359,0.74372,0.62228,0.62902,0.48285,0.51490,0.29389,0.27074,0.33102,0.18769,0.28031,0.14372,0.15711,0.15388,0.18769,0.16561,0.16541,0.17264,0.17509,0.17704,0.17577,0.18222,0.18368,0.18652,0.17987,0.16883,0.17147,1
0.18300,0.17978,0.18163,0.18339,0.18232,0.18271,0.18368,0.18036,0.18280,0.18095,0.18212,0.18065,0.18056,0.18183,0.18153,0.18153,0.18065,0.18144,0.17860,0.17997,0.18085,0.17870,0.18173,0.18114,0.18095,0.18212,0.18056,0.17938,0.18212,0.17968,0.18065,0.17870,0.18075,0.18075,0.18105,0.18114,0.17987,0.18144,0.18232,0.18173,0.18056,0.18065,0.17948,0.18183,0.18046,0.18017,0.18056,0.17958,0.18095,0.17782,0.17753,0.17821,0.17763,0.17811,0.17069,0.60508,0.85169,0.80156,0.80830,0.81163,0.85501,0.87142,0.86595,0.83713,0.83449,0.80059,0.76317,0.63947,0.46908,0.36629,0.47513,0.98622,0.72643,0.37919,0.40606,0.33141,0.18710,0.23341,0.53102,0.49731,0.60733,0.58251,0.62902,0.60791,0.53825,0.59521,0.60645,0.61397,0.61417,0.61202,0.61593,0.61456,0.61905,0.62843,0.63166,0.63117,0.45491,0.46536,0.47924,0.48666,1
0.24748,0.24944,0.24866,0.24748,0.25315,0.26234,0.26517,0.26224,0.26478,0.26517,0.26351,0.26429,0.26263,0.26165,0.26361,0.26234,0.26253,0.26048,0.26185,0.26419,0.26439,0.26302,0.26361,0.25882,0.25911,0.25403,0.25364,0.25423,0.26263,0.26019,0.25667,0.25950,0.25188,0.25296,0.25774,0.26214,0.26302,0.26175,0.26341,0.26106,0.26321,0.26488,0.25970,0.70347,0.99717,0.99853,0.99746,0.81280,0.87855,0.88246,0.89360,0.86019,0.79365,0.77157,0.87455,0.70376,0.65999,0.57489,0.51226,0.51050,0.50191,0.44856,0.39267,0.34021,0.27279,0.29458,0.16219,0.15838,0.15506,0.17010,0.17948,0.19130,0.17235,0.17616,0.16825,0.17000,0.17899,0.17548,0.20821,0.20498,0.20870,0.20840,0.20401,0.19853,0.18437,0.21006,0.20254,0.18515,0.18857,0.18886,0.18984,0.19267,0.19414,0.22091,0.21788,0.21798,0.22384,0.22921,0.22921,0.22433,1
0.23830,0.23918,0.23850,0.24006,0.23781,0.23674,0.23908,0.24191,0.23879,0.24064,0.23977,0.23781,0.23947,0.24074,0.23937,0.24035,0.23967,0.23869,0.23703,0.23625,0.23674,0.22140,0.68178,0.96297,0.76346,0.79424,0.80606,0.88803,0.87943,0.85266,0.82960,0.73063,0.62960,0.63068,0.56414,0.72506,0.73229,0.71490,0.73151,0.70269,0.68432,0.65471,0.37577,0.34900,0.40107,0.28051,0.36834,0.30796,0.35906,0.31480,0.24543,0.23820,0.24787,0.23957,0.25491,0.24973,0.24680,0.24465,0.24787,0.25061,0.25120,0.24592,0.25032,0.24973,0.24807,0.24924,0.25266,0.24729,0.24954,0.24875,0.24817,0.24573,0.24289,0.24719,0.24113,0.23937,0.24006,0.23996,0.24016,0.23937,0.24094,0.23986,0.23996,0.24289,0.24025,0.24113,0.24426,0.24446,0.24612,0.24592,0.24827,0.24543,0.24602,0.24680,0.24651,0.24533,0.24748,0.24592,0.24338,0.24768,1
0.31539,0.30405,0.31148,0.31187,0.31001,0.30933,0.31109,0.31295,0.31207,0.31617,0.31676,0.31979,0.32115,0.31930,0.31861,0.31402,0.31324,0.31177,0.31676,0.31969,0.31588,0.31666,0.31539,0.31646,0.32223,0.32447,0.32047,0.32350,0.32350,0.32545,0.32516,0.32399,0.32633,0.32672,0.32653,0.32721,0.32692,0.32340,0.32565,0.32526,0.31959,0.31900,0.32311,0.31490,0.30923,0.31041,0.30591,0.30845,0.30982,0.30982,0.30679,0.30581,0.30581,0.30581,0.31021,0.30855,0.31265,0.31011,0.30904,0.31177,0.30689,0.30689,0.29624,0.46048,0.99873,0.86448,0.81495,0.82452,0.89555,0.96297,0.87465,0.89712,0.89585,0.88158,0.88324,0.87953,0.87631,0.85432,0.84993,0.85745,0.83009,0.80762,0.60010,0.33991,0.28393,0.14245,0.26028,0.25022,0.20489,0.23351,0.23371,0.23762,0.43332,0.43840,0.43576,0.40049,0.27767,0.28920,0.36219,0.39951,1
0.45442,0.45296,0.45227,0.44778,0.44885,0.45159,0.44944,0.44602,0.44641,0.44533,0.44856,0.45022,0.45051,0.45178,0.45423,0.45022,0.44983,0.45198,0.45286,0.45227,0.45217,0.45325,0.45071,0.44954,0.45081,0.45286,0.44748,0.45208,0.45090,0.45276,0.45237,0.45354,0.45110,0.45178,0.45344,0.45403,0.45129,0.45276,0.45110,0.45198,0.45266,0.45129,0.45129,0.45559,0.45413,0.44973,0.45198,0.44973,0.45090,0.44954,0.45120,0.45081,0.44895,0.44944,0.44797,0.44983,0.45403,0.45071,0.45129,0.45305,0.45198,0.45227,0.45325,0.45178,0.45638,0.45598,0.45843,0.45862,0.45823,0.46058,0.46116,0.46038,0.46136,0.46067,0.45960,0.46087,0.45813,0.45940,0.46058,0.45882,0.45960,0.45970,0.45813,0.45911,0.45765,0.46097,0.46136,0.46077,0.46585,0.46566,0.46341,0.46810,0.46800,0.46448,0.46419,0.46439,0.46458,0.46634,0.46732,0.46663,0
0.47386,0.47328,0.47513,0.47435,0.47211,0.47328,0.47533,0.47259,0.47259,0.47142,0.46976,0.47064,0.47269,0.47220,0.47152,0.47416,0.47152,0.47308,0.47074,0.47318,0.47142,0.47230,0.47357,0.47123,0.47386,0.47728,0.46996,0.47347,0.47230,0.47846,0.47797,0.47953,0.48012,0.47650,0.47562,0.47758,0.47807,0.47650,0.47611,0.47416,0.47689,0.48012,0.47494,0.47543,0.47767,0.47660,0.47572,0.47435,0.47797,0.47504,0.47523,0.47445,0.47934,0.47562,0.47797,0.47914,0.48129,0.47582,0.47924,0.47836,0.48490,0.48139,0.48217,0.48442,0.48637,0.48403,0.48569,0.48236,0.48657,0.48569,0.48266,0.48344,0.48637,0.48549,0.48315,0.48442,0.48608,0.48617,0.48608,0.48549,0.48940,0.48461,0.48657,0.48403,0.48490,0.48608,0.48657,0.48666,0.48754,0.48881,0.48793,0.48764,0.48832,0.48637,0.48705,0.48901,0.48872,0.48911,0.49008,0.49057,0
